index,path,label,geometry
801,spring_images/2/1_67_44.tiff,0,POINT (108.0165307970321 12.25739836400204)
808,spring_images/2/1_99_29.tiff,0,POINT (107.9267073637438 12.07345628161395)
811,spring_images/2/1_121_30.tiff,0,POINT (107.9354076287973 11.94602608472949)
1214,spring_images/2/1_75_70.tiff,0,POINT (108.1728754169844 12.20850639736924)
1215,spring_images/2/1_75_71.tiff,0,POINT (108.1787647903165 12.20950203074416)
1222,spring_images/18/1_78_72.tiff,0,POINT (108.1797968727534 12.19398408162084)
1223,spring_images/2/1_79_71.tiff,0,POINT (108.1785941306839 12.1835203588104)
1224,spring_images/2/1_79_72.tiff,0,POINT (108.1811661073574 12.18526919639315)
1225,spring_images/2/1_80_72.tiff,0,POINT (108.185237848782 12.18271986270436)
1226,spring_images/2/1_80_73.tiff,0,POINT (108.1877579650911 12.17872110324443)
1227,spring_images/2/1_80_74.tiff,0,POINT (108.1943358563155 12.18077627172561)
1228,spring_images/2/1_80_75.tiff,0,POINT (108.2010176375989 12.17715910638462)
1229,spring_images/2/1_80_76.tiff,0,POINT (108.2057270183023 12.17713980564404)
1230,spring_images/6/1_80_81.tiff,0,POINT (108.2377788080457 12.17884841220654)
1231,spring_images/6/1_80_82.tiff,0,POINT (108.2431074125909 12.17792148125491)
1232,spring_images/6/1_80_83.tiff,0,POINT (108.2456434266374 12.17925766069878)
1233,spring_images/18/1_80_84.tiff,0,POINT (108.2545497387691 12.18157876923981)
1234,spring_images/18/1_80_85.tiff,0,POINT (108.2563935761614 12.18114350270785)
1236,spring_images/2/1_81_73.tiff,0,POINT (108.1855598782279 12.17512550984289)
1237,spring_images/2/1_81_75.tiff,0,POINT (108.2010176375989 12.17715910638462)
1238,spring_images/2/1_81_76.tiff,0,POINT (108.2057270183023 12.17713980564404)
1245,spring_images/18/1_85_84.tiff,0,POINT (108.2514614354545 12.150559802763)
1246,spring_images/2/1_86_73.tiff,0,POINT (108.1879913140488 12.14304695616893)
1247,spring_images/18/1_86_82.tiff,0,POINT (108.2408182097971 12.14304969733682)
1248,spring_images/18/1_86_83.tiff,0,POINT (108.2444165069757 12.14420115243398)
1250,spring_images/18/1_87_82.tiff,0,POINT (108.2424246753762 12.14174502442431)
1251,spring_images/18/1_87_83.tiff,0,POINT (108.2445093662577 12.14151171547821)
1253,spring_images/2/1_88_74.tiff,0,POINT (108.1915165349313 12.13391220548853)
1254,spring_images/2/1_88_76.tiff,0,POINT (108.205676973103 12.13390988314839)
1255,spring_images/18/1_88_82.tiff,0,POINT (108.239866106689 12.13590439884717)
1258,spring_images/18/1_89_82.tiff,0,POINT (108.2408463857914 12.12933789743533)
1259,spring_images/18/1_89_83.tiff,0,POINT (108.2451695203858 12.12486906696497)
1261,spring_images/18/1_90_83.tiff,0,POINT (108.2464111762681 12.122973357386)
1484,spring_images/2/1_133_96.tiff,0,POINT (108.3197962922784 11.87260794900948)
1546,spring_images/6/3_0_26.tiff,0,POINT (107.9393340876733 14.44945798784038)
1549,spring_images/6/3_1_26.tiff,0,POINT (107.941845675736 14.44326731073892)
1550,spring_images/6/3_1_27.tiff,0,POINT (107.9433854049884 14.44431031215495)
1552,spring_images/6/3_2_26.tiff,0,POINT (107.9410313469812 14.43992614907735)
1553,spring_images/6/3_2_27.tiff,0,POINT (107.9432329565476 14.43819204806288)
1573,spring_images/6/3_25_21.tiff,0,POINT (107.9076074284976 14.30529223318697)
1574,spring_images/6/3_25_22.tiff,0,POINT (107.9154416636443 14.30456124978585)
1575,spring_images/6/3_26_19.tiff,0,POINT (107.8982436900387 14.29991712154724)
1576,spring_images/6/3_26_20.tiff,0,POINT (107.9048384315923 14.30063221400485)
1577,spring_images/6/3_26_21.tiff,0,POINT (107.9108809628591 14.30363957506271)
1578,spring_images/6/3_26_26.tiff,0,POINT (107.9355079525522 14.30019124032266)
1579,spring_images/6/3_27_19.tiff,0,POINT (107.8973379062591 14.29729114313345)
1580,spring_images/6/3_27_20.tiff,0,POINT (107.9015331153438 14.29676674199786)
1581,spring_images/6/3_27_21.tiff,0,POINT (107.9061097070725 14.29338197103183)
1582,spring_images/6/3_27_23.tiff,0,POINT (107.9198951005609 14.29499092906146)
1583,spring_images/6/3_27_24.tiff,0,POINT (107.9232679533194 14.29599205850212)
1584,spring_images/6/3_27_26.tiff,0,POINT (107.9376055570945 14.29654824152471)
1585,spring_images/6/3_29_17.tiff,0,POINT (107.8831955405253 14.28311620049853)
1586,spring_images/6/3_29_19.tiff,0,POINT (107.8932120667003 14.285197613879)
1587,spring_images/6/3_29_20.tiff,0,POINT (107.8994808817657 14.28521346970548)
1588,spring_images/6/3_30_17.tiff,0,POINT (107.8860531665225 14.2804158750149)
1589,spring_images/6/3_30_18.tiff,0,POINT (107.8914958841681 14.28144910992705)
1590,spring_images/6/3_30_20.tiff,0,POINT (107.9014398084693 14.27660559685827)
1591,spring_images/6/3_30_21.tiff,0,POINT (107.9088835229814 14.28099748294489)
1592,spring_images/6/3_30_22.tiff,0,POINT (107.9118190983654 14.27828772105191)
1593,spring_images/6/3_31_20.tiff,0,POINT (107.8988900799007 14.27400200078473)
1594,spring_images/6/3_31_22.tiff,0,POINT (107.912361050744 14.27404242741958)
1595,spring_images/6/3_31_25.tiff,0,POINT (107.9287216030572 14.27083645452929)
1597,spring_images/6/3_32_22.tiff,0,POINT (107.9124881804113 14.26435392054163)
1598,spring_images/6/3_32_23.tiff,0,POINT (107.9196322451569 14.26753899887644)
1599,spring_images/6/3_32_24.tiff,0,POINT (107.9271274752289 14.26578966658976)
1600,spring_images/6/3_32_25.tiff,0,POINT (107.9304774539985 14.26381561779755)
1601,spring_images/6/3_32_26.tiff,0,POINT (107.9349748967605 14.26614135018474)
1604,spring_images/6/3_33_24.tiff,0,POINT (107.9271274752289 14.26312765280884)
1605,spring_images/6/3_33_25.tiff,0,POINT (107.9340404965519 14.25849415726925)
1606,spring_images/6/3_33_26.tiff,0,POINT (107.9347798022114 14.26153609201408)
1608,spring_images/6/3_34_25.tiff,0,POINT (107.9296868076682 14.25607087760754)
1072,spring_images/6/4_74_109.tiff,0,POINT (107.484464627895 12.22042123426236)
1073,spring_images/6/4_74_110.tiff,0,POINT (107.4853962793317 12.2206952493908)
1074,spring_images/15/4_78_119.tiff,0,POINT (107.5394253613421 12.19887537173586)
1075,spring_images/2/4_78_120.tiff,0,POINT (107.5458641322183 12.19785996775651)
1104,spring_images/15/4_94_148.tiff,0,POINT (107.7095688135798 12.10461833313313)
1105,spring_images/18/4_100_110.tiff,0,POINT (107.4858270108549 12.07097596097082)
1106,spring_images/18/4_100_111.tiff,0,POINT (107.4950048756865 12.07000001186413)
1107,spring_images/18/4_101_110.tiff,0,POINT (107.4865072178081 12.06885647553711)
1108,spring_images/18/4_101_111.tiff,0,POINT (107.492461493166 12.06762421656402)
1109,spring_images/6/4_104_111.tiff,0,POINT (107.4928057498199 12.04923506837189)
1111,spring_images/6/4_105_111.tiff,0,POINT (107.4903316645878 12.04093590385407)
1114,spring_images/6/4_106_110.tiff,0,POINT (107.4886335129183 12.03937007569128)
1115,spring_images/6/4_106_111.tiff,0,POINT (107.4904419341767 12.03921569826678)
1117,spring_images/2/4_109_93.tiff,0,POINT (107.3876550181036 12.0189827977914)
1118,spring_images/6/4_111_132.tiff,0,POINT (107.6173090819283 12.00461204773799)
1119,spring_images/6/4_112_132.tiff,0,POINT (107.6159291156949 12.003735991755)
1804,spring_images/2/3_88_15.tiff,0,POINT (107.8662329104661 13.94148810271804)
1612,spring_images/6/3_52_15.tiff,0,POINT (107.8719754987484 14.14988553477177)
1616,spring_images/6/3_53_8.tiff,0,POINT (107.8310356831052 14.1452952872888)
1617,spring_images/6/3_53_9.tiff,0,POINT (107.8323617941171 14.1464296714074)
1618,spring_images/18/3_53_10.tiff,0,POINT (107.8385741272898 14.14416857196121)
1619,spring_images/6/3_53_14.tiff,0,POINT (107.86577803859 14.14425889331224)
1620,spring_images/6/3_53_15.tiff,0,POINT (107.8709154068792 14.14629753152222)
1621,spring_images/6/3_53_16.tiff,0,POINT (107.8768682304523 14.14866235184578)
1625,spring_images/18/3_54_9.tiff,0,POINT (107.8376279114476 14.13812357645093)
1626,spring_images/18/3_54_10.tiff,0,POINT (107.8383992652948 14.13896029926825)
1627,spring_images/6/3_54_14.tiff,0,POINT (107.86577803859 14.13908075225891)
1628,spring_images/6/3_54_16.tiff,0,POINT (107.8765828211029 14.14258720998007)
1629,spring_images/6/3_54_17.tiff,0,POINT (107.881108597929 14.14148634534668)
1630,spring_images/18/3_55_9.tiff,0,POINT (107.8361538411717 14.13669526445418)
1631,spring_images/6/3_55_11.tiff,0,POINT (107.8479603406349 14.13219015510921)
1632,spring_images/6/3_55_12.tiff,0,POINT (107.8528122995746 14.13333179250679)
1633,spring_images/6/3_55_13.tiff,0,POINT (107.8584797137983 14.13602279494396)
1634,spring_images/6/3_55_16.tiff,0,POINT (107.8764197300461 14.13700134128474)
1635,spring_images/6/3_55_17.tiff,0,POINT (107.8795184601253 14.13651206811435)
1639,spring_images/18/3_56_9.tiff,0,POINT (107.8355197621617 14.12842445551189)
1640,spring_images/6/3_56_12.tiff,0,POINT (107.8504067064869 14.13145624535362)
1641,spring_images/6/3_56_13.tiff,0,POINT (107.8585204865625 14.12774592381147)
1642,spring_images/6/3_56_14.tiff,0,POINT (107.8643102190789 14.12717510511268)
1643,spring_images/6/3_56_15.tiff,0,POINT (107.8676943585074 14.12864292462386)
1646,spring_images/18/3_57_9.tiff,0,POINT (107.8343235100089 14.12557273419114)
1647,spring_images/6/3_57_13.tiff,0,POINT (107.8592543963181 14.12269010105074)
1648,spring_images/6/3_57_15.tiff,0,POINT (107.8703140086072 14.12263913509549)
1651,spring_images/6/3_58_15.tiff,0,POINT (107.868030733812 14.11570776518158)
765,spring_images/2/1_9_44.tiff,0,POINT (108.0212760498328 12.59437437881098)
769,spring_images/18/1_27_37.tiff,0,POINT (107.9820590682295 12.49112925552927)
770,spring_images/18/1_28_37.tiff,0,POINT (107.9819329345291 12.48529557188518)
771,spring_images/18/1_28_38.tiff,0,POINT (107.9881765526995 12.4854532390107)
772,spring_images/18/1_29_38.tiff,0,POINT (107.9835096057842 12.47490530831369)
773,spring_images/18/1_30_39.tiff,0,POINT (107.9895324899789 12.46979689344698)
774,spring_images/18/1_31_38.tiff,0,POINT (107.9872620833715 12.46282012314291)
775,spring_images/18/1_32_38.tiff,0,POINT (107.9872620833715 12.46282012314291)
778,spring_images/18/1_34_21.tiff,0,POINT (107.8880822169093 12.44825236601521)
779,spring_images/18/1_34_22.tiff,0,POINT (107.8941048018694 12.44874595526507)
780,spring_images/18/1_34_23.tiff,0,POINT (107.9000822738334 12.44771101006376)
781,spring_images/18/1_34_24.tiff,0,POINT (107.9016532675749 12.44761547666056)
782,spring_images/18/1_35_21.tiff,0,POINT (107.8869517383048 12.4464412119129)
783,spring_images/18/1_35_22.tiff,0,POINT (107.8937770692223 12.44528419625194)
784,spring_images/18/1_35_23.tiff,0,POINT (107.8953042768207 12.44637884983026)
934,spring_images/15/2_149_28.tiff,0,POINT (107.9268556630846 12.68610178379997)
940,spring_images/2/2_165_44.tiff,0,POINT (108.0212760498328 12.59437437881098)
1010,spring_images/2/4_44_153.tiff,0,POINT (107.7416534542163 12.39426556726085)
763,spring_images/6/1_7_114.tiff,0,POINT (108.432843409901 12.59651306845878)
764,spring_images/6/1_8_114.tiff,0,POINT (108.43548763731 12.59507380543867)
766,spring_images/18/1_9_110.tiff,0,POINT (108.4107643518033 12.5889533982607)
767,spring_images/18/1_11_113.tiff,0,POINT (108.4289491156535 12.57399512322009)
835,spring_images/18/2_63_156.tiff,0,POINT (108.6901003582261 13.1746920453301)
928,spring_images/18/2_129_84.tiff,0,POINT (108.2613851599294 12.79679883594052)
929,spring_images/18/2_130_84.tiff,0,POINT (108.2620220894564 12.79493642175395)
930,spring_images/18/2_145_123.tiff,0,POINT (108.4872773687357 12.7010582823975)
931,spring_images/18/2_146_124.tiff,0,POINT (108.4922797706273 12.69466844588465)
932,spring_images/18/2_147_124.tiff,0,POINT (108.4922797706273 12.69466844588465)
933,spring_images/18/2_148_123.tiff,0,POINT (108.4885991778221 12.68717537816951)
937,spring_images/6/2_154_123.tiff,0,POINT (108.4886184220348 12.65174459251521)
938,spring_images/6/2_163_114.tiff,0,POINT (108.4330107660661 12.59924655248922)
939,spring_images/6/2_164_114.tiff,0,POINT (108.43548763731 12.59507380543867)
941,spring_images/18/2_165_110.tiff,0,POINT (108.4107643518033 12.5889533982607)
942,spring_images/18/2_168_113.tiff,0,POINT (108.4289491156535 12.57399512322009)
867,spring_images/2/2_88_76.tiff,0,POINT (108.2194695463308 13.03367445813423)
868,spring_images/2/2_88_77.tiff,0,POINT (108.2200305038643 13.03347494231048)
870,spring_images/15/2_89_77.tiff,0,POINT (108.2198786634243 13.03212515483354)
874,spring_images/15/2_94_78.tiff,0,POINT (108.2295901552071 13.00009123299988)
875,spring_images/15/2_95_78.tiff,0,POINT (108.2306748419532 12.99340707373563)
876,spring_images/15/2_95_79.tiff,0,POINT (108.2311577280773 12.99455573548903)
878,spring_images/2/2_98_82.tiff,0,POINT (108.2530147651782 12.97538803760747)
879,spring_images/2/2_98_83.tiff,0,POINT (108.2566911555708 12.97902552512748)
880,spring_images/2/2_98_84.tiff,0,POINT (108.2637270429051 12.97601033334974)
881,spring_images/2/2_98_85.tiff,0,POINT (108.2684734957823 12.97917991350297)
883,spring_images/2/2_99_82.tiff,0,POINT (108.2527451672533 12.97478493706439)
884,spring_images/2/2_99_84.tiff,0,POINT (108.2649449956451 12.97485967810677)
892,spring_images/2/2_103_85.tiff,0,POINT (108.2697895555961 12.95016791735196)
893,spring_images/15/2_105_79.tiff,0,POINT (108.2321148787135 12.93610876920267)
894,spring_images/2/2_110_80.tiff,0,POINT (108.2396886513249 12.90984871417855)
895,spring_images/2/2_111_80.tiff,0,POINT (108.2383792918714 12.90484927555345)
896,spring_images/15/2_117_78.tiff,0,POINT (108.2260388208548 12.86957047089592)
897,spring_images/6/2_118_51.tiff,0,POINT (108.0680588333444 12.8632209298808)
898,spring_images/6/2_118_52.tiff,0,POINT (108.0711082927197 12.86197049829776)
899,spring_images/6/2_118_53.tiff,0,POINT (108.0795609650384 12.86401777353666)
900,spring_images/18/2_119_47.tiff,0,POINT (108.0414194299881 12.85675647817214)
901,spring_images/18/2_119_48.tiff,0,POINT (108.0470885799463 12.85965390743686)
902,spring_images/6/2_119_51.tiff,0,POINT (108.0686595308696 12.86065877104888)
903,spring_images/6/2_119_52.tiff,0,POINT (108.0703880686461 12.85692280021621)
904,spring_images/6/2_119_53.tiff,0,POINT (108.0767842713761 12.85788207738654)
905,spring_images/6/2_119_54.tiff,0,POINT (108.0877071590279 12.85984660347656)
906,spring_images/18/2_120_47.tiff,0,POINT (108.0430245138189 12.85218804472829)
907,spring_images/6/2_120_51.tiff,0,POINT (108.0653250466481 12.85509925415761)
908,spring_images/18/2_121_43.tiff,0,POINT (108.0224128513927 12.84583450145609)
909,spring_images/18/2_121_44.tiff,0,POINT (108.0249082349248 12.84693399360296)
910,spring_images/18/2_121_47.tiff,0,POINT (108.0432330060834 12.848562425569)
911,spring_images/6/2_121_50.tiff,0,POINT (108.0621775142075 12.84716759499852)
912,spring_images/6/2_121_51.tiff,0,POINT (108.0647151547731 12.84820042696784)
913,spring_images/6/2_121_57.tiff,0,POINT (108.1036830318726 12.84441337975327)
915,spring_images/6/2_122_56.tiff,0,POINT (108.0989231339126 12.84002300018754)
916,spring_images/6/2_122_57.tiff,0,POINT (108.1027561043751 12.8396973229587)
917,spring_images/6/2_122_58.tiff,0,POINT (108.1109230871907 12.84255952475833)
920,spring_images/6/2_123_56.tiff,0,POINT (108.0963427681764 12.83659086323744)
921,spring_images/6/2_123_57.tiff,0,POINT (108.0994742799922 12.83423596635197)
922,spring_images/18/2_123_79.tiff,0,POINT (108.2300026486788 12.83293264409442)
923,spring_images/18/2_124_78.tiff,0,POINT (108.2283799521052 12.82856232751172)
924,spring_images/18/2_124_79.tiff,0,POINT (108.2300728193415 12.82955568095476)
821,spring_images/6/2_52_73.tiff,0,POINT (108.2030707844725 13.24564604411154)
822,spring_images/6/2_53_71.tiff,0,POINT (108.1899902596578 13.23802061285502)
823,spring_images/6/2_53_72.tiff,0,POINT (108.1968395137174 13.23676006289413)
824,spring_images/6/2_53_73.tiff,0,POINT (108.2008166286256 13.23739033787458)
825,spring_images/2/2_54_46.tiff,0,POINT (108.0437600501629 13.23468093185177)
827,spring_images/6/2_54_73.tiff,0,POINT (108.2032320178703 13.23115340792568)
828,spring_images/6/2_54_74.tiff,0,POINT (108.204771803582 13.23204696232834)
831,spring_images/6/2_55_73.tiff,0,POINT (108.2041893975874 13.22685118282183)
832,spring_images/6/2_55_74.tiff,0,POINT (108.2064871089085 13.22645028006528)
833,spring_images/6/2_55_75.tiff,0,POINT (108.2104043875845 13.22692099175953)
836,spring_images/15/2_66_77.tiff,0,POINT (108.2234857907217 13.16530934267014)
837,spring_images/6/2_67_72.tiff,0,POINT (108.1936524146663 13.15544714139539)
838,spring_images/6/2_67_73.tiff,0,POINT (108.1979389616496 13.15656649241267)
839,spring_images/2/2_68_73.tiff,0,POINT (108.1986559097027 13.15401375779256)
841,spring_images/2/2_69_71.tiff,0,POINT (108.1903984754182 13.14857786019309)
842,spring_images/2/2_69_73.tiff,0,POINT (108.1982547391809 13.14808337041608)
843,spring_images/2/2_69_77.tiff,0,POINT (108.2250600770846 13.14701289021503)
844,spring_images/2/2_76_78.tiff,0,POINT (108.2281456350696 13.10820627504848)
845,spring_images/18/2_79_16.tiff,0,POINT (107.8658514585481 13.09485436342507)
846,spring_images/18/2_79_17.tiff,0,POINT (107.869471508299 13.09181286043798)
850,spring_images/18/2_80_15.tiff,0,POINT (107.8573169297396 13.08932210265222)
851,spring_images/18/2_80_16.tiff,0,POINT (107.8611320814584 13.08808483802793)
852,spring_images/18/2_81_14.tiff,0,POINT (107.8505779388023 13.08050994605188)
853,spring_images/18/2_81_15.tiff,0,POINT (107.8603777194933 13.07917215585128)
854,spring_images/18/2_81_16.tiff,0,POINT (107.8631657338807 13.0785013625548)
855,spring_images/18/2_81_17.tiff,0,POINT (107.8697878880564 13.07845623714304)
856,spring_images/18/2_82_12.tiff,0,POINT (107.8384540082831 13.07488450001252)
857,spring_images/18/2_82_13.tiff,0,POINT (107.8455970500689 13.07251791647138)
858,spring_images/18/2_82_14.tiff,0,POINT (107.8495100901313 13.07746753936535)
859,spring_images/18/2_82_15.tiff,0,POINT (107.8579905260951 13.07360203792222)
860,spring_images/18/2_82_17.tiff,0,POINT (107.8671480514685 13.07669634608443)
861,spring_images/18/2_83_10.tiff,0,POINT (107.8288866614064 13.06846297759906)
862,spring_images/18/2_83_11.tiff,0,POINT (107.8313205867556 13.07153424506048)
863,spring_images/18/2_83_12.tiff,0,POINT (107.8388580591316 13.07162082738516)
864,spring_images/18/2_84_11.tiff,0,POINT (107.8329921066348 13.06238778448431)
865,spring_images/6/2_84_51.tiff,0,POINT (108.0682186884875 13.06396594222361)
958,spring_images/6/4_21_108.tiff,0,POINT (107.4813061257037 12.53094168127954)
960,spring_images/6/4_22_104.tiff,0,POINT (107.457948634401 12.52287008735408)
961,spring_images/6/4_22_105.tiff,0,POINT (107.4630172622676 12.5234710071527)
962,spring_images/6/4_22_106.tiff,0,POINT (107.4671714469623 12.52072767763728)
963,spring_images/6/4_22_107.tiff,0,POINT (107.4720571861945 12.52386291136919)
964,spring_images/6/4_22_108.tiff,0,POINT (107.4764987673148 12.52017901173419)
969,spring_images/6/4_23_104.tiff,0,POINT (107.4581674475885 12.51455192035912)
970,spring_images/6/4_23_105.tiff,0,POINT (107.460231476462 12.51575375995635)
971,spring_images/6/4_23_106.tiff,0,POINT (107.4669461020379 12.51515284015773)
972,spring_images/6/4_23_107.tiff,0,POINT (107.4740803917122 12.51976261350418)
973,spring_images/6/4_23_109.tiff,0,POINT (107.4857183140077 12.51551045275527)
977,spring_images/6/4_24_105.tiff,0,POINT (107.4626612826043 12.51118154409732)
978,spring_images/6/4_24_106.tiff,0,POINT (107.469555530946 12.51369952868826)
979,spring_images/6/4_24_107.tiff,0,POINT (107.4718840951656 12.51199147947806)
980,spring_images/6/4_24_109.tiff,0,POINT (107.4856987187969 12.50967761166652)
981,spring_images/6/4_25_102.tiff,0,POINT (107.4421826543587 12.50304116281722)
982,spring_images/6/4_25_103.tiff,0,POINT (107.4467716077936 12.50388253218199)
983,spring_images/6/4_25_104.tiff,0,POINT (107.4529910460625 12.50748131511998)
984,spring_images/6/4_25_105.tiff,0,POINT (107.4583470703545 12.50523439761211)
985,spring_images/6/4_25_106.tiff,0,POINT (107.4697122926326 12.50685426837359)
986,spring_images/6/4_25_107.tiff,0,POINT (107.4718579682179 12.50616517012626)
987,spring_images/6/4_26_101.tiff,0,POINT (107.4401178090181 12.49777984871086)
988,spring_images/6/4_26_102.tiff,0,POINT (107.441477226769 12.49777250050681)
989,spring_images/6/4_27_100.tiff,0,POINT (107.4320439698081 12.49626428162366)
990,spring_images/6/4_27_101.tiff,0,POINT (107.4353212688185 12.49432435575205)
991,spring_images/6/4_27_102.tiff,0,POINT (107.4408452812199 12.4969641980603)
992,spring_images/6/4_28_98.tiff,0,POINT (107.4224551758612 12.48936554271279)
993,spring_images/6/4_28_99.tiff,0,POINT (107.4259235281771 12.4915406111143)
994,spring_images/6/4_28_100.tiff,0,POINT (107.433492178358 12.48617152334842)
995,spring_images/6/4_28_101.tiff,0,POINT (107.4360597633264 12.49124545825126)
996,spring_images/6/4_29_98.tiff,0,POINT (107.420240917038 12.48162543443715)
997,spring_images/6/4_29_99.tiff,0,POINT (107.4238464358297 12.48383969326031)
998,spring_images/6/4_29_100.tiff,0,POINT (107.4320519303624 12.48533872688838)
999,spring_images/6/4_29_101.tiff,0,POINT (107.4346482957966 12.48219369555106)
1000,spring_images/6/4_29_102.tiff,0,POINT (107.4431232244782 12.48392848405935)
1001,spring_images/6/4_30_98.tiff,0,POINT (107.4210443206818 12.47999903193872)
1002,spring_images/6/4_30_99.tiff,0,POINT (107.4233173651374 12.48003822236037)
1003,spring_images/6/4_30_101.tiff,0,POINT (107.4359072880921 12.47911234864892)
1004,spring_images/6/4_30_102.tiff,0,POINT (107.4406395315062 12.47433601601047)
1005,spring_images/6/4_31_98.tiff,0,POINT (107.4196106044231 12.47234383624332)
1006,spring_images/6/4_31_99.tiff,0,POINT (107.4233924801122 12.47175597991859)
1007,spring_images/6/4_31_101.tiff,0,POINT (107.4390327242186 12.47298394646358)
1008,spring_images/6/4_32_102.tiff,0,POINT (107.4436931185261 12.46519974896344)
1009,spring_images/6/4_33_103.tiff,0,POINT (107.4481265349752 12.46214289607482)
1011,spring_images/15/4_51_129.tiff,0,POINT (107.60345387445 12.35349899060975)
946,spring_images/6/4_18_146.tiff,0,POINT (107.7031607389956 12.54452382780936)
948,spring_images/6/4_19_140.tiff,0,POINT (107.6685926255165 12.54050245008152)
949,spring_images/6/4_19_141.tiff,0,POINT (107.6710406559887 12.53832383636581)
950,spring_images/6/4_19_142.tiff,0,POINT (107.6800473546167 12.53593318562696)
951,spring_images/6/4_19_143.tiff,0,POINT (107.6823350200941 12.53666107918796)
952,spring_images/6/4_19_144.tiff,0,POINT (107.6885590240074 12.53625333895952)
953,spring_images/6/4_20_140.tiff,0,POINT (107.6693313897028 12.53507912748405)
954,spring_images/6/4_20_141.tiff,0,POINT (107.6749806596309 12.53360162611825)
955,spring_images/6/4_20_142.tiff,0,POINT (107.6812803171792 12.53458138329939)
956,spring_images/6/4_20_143.tiff,0,POINT (107.6850957843021 12.53257865455049)
957,spring_images/6/4_20_144.tiff,0,POINT (107.6883675097554 12.53375122082787)
959,spring_images/6/4_21_143.tiff,0,POINT (107.6852693138104 12.52774540939651)
965,spring_images/6/4_22_142.tiff,0,POINT (107.6811372119267 12.51845815120169)
966,spring_images/6/4_22_143.tiff,0,POINT (107.6822394361185 12.52174575112245)
967,spring_images/6/4_22_144.tiff,0,POINT (107.6920208301135 12.51867369943351)
968,spring_images/6/4_22_145.tiff,0,POINT (107.6959056596728 12.51821121972407)
974,spring_images/6/4_23_142.tiff,0,POINT (107.6800249926959 12.51472329156248)
975,spring_images/6/4_23_144.tiff,0,POINT (107.6934082692418 12.51525134958366)
976,spring_images/6/4_23_145.tiff,0,POINT (107.6944565565832 12.51762541209212)
826,spring_images/9/2_54_71.tiff,1,POINT (108.1871828123792 13.2308242638562)
829,spring_images/9/2_55_71.tiff,1,POINT (108.1908036202939 13.22968169780311)
830,spring_images/9/2_55_72.tiff,1,POINT (108.1929673273266 13.22711714173259)
849,spring_images/4/2_79_139.tiff,1,POINT (108.5888147947687 13.08159081657174)
866,spring_images/10/2_85_119.tiff,1,POINT (108.4708567188464 13.04752032467408)
873,spring_images/4/2_91_118.tiff,1,POINT (108.4614124233952 13.01565058511713)
877,spring_images/4/2_95_120.tiff,1,POINT (108.47341277355 12.99138377855852)
882,spring_images/4/2_98_120.tiff,1,POINT (108.4751796882802 12.97582885423819)
885,spring_images/4/2_100_31.tiff,1,POINT (107.9534138050016 12.96743348177216)
886,spring_images/4/2_100_32.tiff,1,POINT (107.9573134205526 12.96882804627383)
887,spring_images/4/2_101_32.tiff,1,POINT (107.9585788587115 12.96528998448257)
888,spring_images/4/2_101_33.tiff,1,POINT (107.9609031328809 12.96640047103019)
889,spring_images/24/2_102_15.tiff,1,POINT (107.8549252564278 12.96091153522994)
890,spring_images/4/2_102_32.tiff,1,POINT (107.9556606033654 12.96007328023561)
891,spring_images/4/2_103_32.tiff,1,POINT (107.9551440979944 12.9549340517943)
918,spring_images/10/2_122_77.tiff,1,POINT (108.2225842939376 12.83784020481297)
919,spring_images/10/2_122_122.tiff,1,POINT (108.482477965446 12.83578898689749)
925,spring_images/10/2_128_9.tiff,1,POINT (107.8177700571765 12.80817007998359)
926,spring_images/10/2_129_9.tiff,1,POINT (107.819918584149 12.80521119818481)
927,spring_images/10/2_129_10.tiff,1,POINT (107.8234580649996 12.80205671349691)
422,spring_images/4/0_46_52.tiff,1,POINT (108.0556149997398 11.47236278952258)
437,spring_images/4/0_47_51.tiff,1,POINT (108.0506764957721 11.4704044172595)
481,spring_images/4/0_49_52.tiff,1,POINT (108.0557186304821 11.45607293527472)
503,spring_images/4/0_50_49.tiff,1,POINT (108.0370587384373 11.45249090242682)
504,spring_images/4/0_50_51.tiff,1,POINT (108.053636053245 11.45351830719714)
505,spring_images/4/0_50_52.tiff,1,POINT (108.0582732585597 11.45151903304948)
506,spring_images/4/0_50_53.tiff,1,POINT (108.0606335127618 11.45424026730602)
533,spring_images/4/0_51_47.tiff,1,POINT (108.0304777943679 11.44357747185182)
534,spring_images/4/0_51_48.tiff,1,POINT (108.0350039288966 11.44335533027986)
535,spring_images/4/0_51_49.tiff,1,POINT (108.0406685389817 11.44593772605392)
536,spring_images/4/0_51_50.tiff,1,POINT (108.0472772507476 11.44807583868406)
537,spring_images/4/0_51_51.tiff,1,POINT (108.0527474869572 11.4437163103343)
538,spring_images/4/0_51_52.tiff,1,POINT (108.056440590591 11.44774262632612)
564,spring_images/4/0_52_47.tiff,1,POINT (108.0279231662903 11.43985660052145)
565,spring_images/4/0_52_48.tiff,1,POINT (108.0350039288966 11.44335533027986)
566,spring_images/4/0_52_50.tiff,1,POINT (108.0466941291212 11.44116168225673)
567,spring_images/4/0_52_51.tiff,1,POINT (108.0482148125462 11.43750352946863)
568,spring_images/4/0_52_52.tiff,1,POINT (108.0551391878601 11.44159163930731)
587,spring_images/4/0_53_48.tiff,1,POINT (108.0316995730137 11.43319235336257)
588,spring_images/4/0_53_49.tiff,1,POINT (108.0388081033165 11.43469180897332)
589,spring_images/4/0_53_50.tiff,1,POINT (108.0475522474329 11.43424859794123)
590,spring_images/4/0_53_52.tiff,1,POINT (108.0553366166162 11.43459702052044)
127,spring_images/27/0_23_67.tiff,1,POINT (108.1490224761564 11.60462659726757)
128,spring_images/27/0_23_68.tiff,1,POINT (108.1496687769773 11.60553714916301)
147,spring_images/27/0_24_72.tiff,1,POINT (108.1762913585323 11.5979482605645)
165,spring_images/9/0_25_50.tiff,1,POINT (108.0446275358551 11.59375745357627)
169,spring_images/27/0_25_67.tiff,1,POINT (108.1445835204968 11.59543033976295)
172,spring_images/27/0_25_72.tiff,1,POINT (108.1756208688196 11.59629607270642)
173,spring_images/27/0_25_74.tiff,1,POINT (108.1902679063547 11.59647571334643)
199,spring_images/27/0_26_76.tiff,1,POINT (108.1989083681241 11.58811103791182)
223,spring_images/27/0_27_75.tiff,1,POINT (108.1941296732738 11.581430760505)
264,spring_images/27/0_30_82.tiff,1,POINT (108.2353222848981 11.56356858427724)
275,spring_images/27/0_31_83.tiff,1,POINT (108.2393452231742 11.56227061739945)
286,spring_images/9/0_32_56.tiff,1,POINT (108.0797770078448 11.55539803334197)
288,spring_images/27/0_32_81.tiff,1,POINT (108.2259101274218 11.55669922740942)
289,spring_images/27/0_32_83.tiff,1,POINT (108.2383192474062 11.55286352022281)
290,spring_images/27/0_32_84.tiff,1,POINT (108.2442296774774 11.55126446551177)
299,spring_images/10/0_33_54.tiff,1,POINT (108.0716431318267 11.55043208798354)
300,spring_images/9/0_33_55.tiff,1,POINT (108.0775838250804 11.55042550184911)
302,spring_images/27/0_33_78.tiff,1,POINT (108.2111492331429 11.55066735014499)
303,spring_images/27/0_33_79.tiff,1,POINT (108.2183652205414 11.54606247740118)
306,spring_images/27/0_33_82.tiff,1,POINT (108.2338092552821 11.54681140175951)
307,spring_images/27/0_33_83.tiff,1,POINT (108.2402269804001 11.54737815532799)
308,spring_images/27/0_33_84.tiff,1,POINT (108.2465637407227 11.54978432784415)
317,spring_images/27/0_34_83.tiff,1,POINT (108.2394666703675 11.54402317661467)
318,spring_images/27/0_34_84.tiff,1,POINT (108.2475833911158 11.54335015675207)
325,spring_images/27/0_35_86.tiff,1,POINT (108.254965127751 11.53734054085923)
349,spring_images/4/0_39_79.tiff,1,POINT (108.2185196138754 11.51485373031002)
350,spring_images/4/0_39_80.tiff,1,POINT (108.2212981229795 11.51298878995895)
360,spring_images/4/0_40_79.tiff,1,POINT (108.2144636836355 11.51035991711609)
361,spring_images/4/0_40_81.tiff,1,POINT (108.2284140797376 11.50618250564469)
362,spring_images/4/0_40_82.tiff,1,POINT (108.2359230986212 11.50874857084992)
363,spring_images/4/0_40_83.tiff,1,POINT (108.2374352124193 11.50871706847913)
369,spring_images/4/0_41_81.tiff,1,POINT (108.2284015966244 11.50426010620111)
370,spring_images/4/0_41_82.tiff,1,POINT (108.2318719021134 11.50133905769593)
371,spring_images/4/0_41_83.tiff,1,POINT (108.2393211999573 11.49978803087213)
378,spring_images/4/0_42_80.tiff,1,POINT (108.2235706317889 11.49374308327114)
379,spring_images/4/0_42_81.tiff,1,POINT (108.2301117831424 11.49411757666924)
380,spring_images/4/0_42_82.tiff,1,POINT (108.2307359388059 11.49660171620997)
381,spring_images/4/0_42_84.tiff,1,POINT (108.2460216214637 11.494818536745)
396,spring_images/4/0_43_82.tiff,1,POINT (108.2323088110779 11.49158350467543)
397,spring_images/4/0_43_84.tiff,1,POINT (108.2473206744206 11.49001518367439)
398,spring_images/4/0_43_85.tiff,1,POINT (108.2481378206354 11.49020375587781)
399,spring_images/4/0_43_87.tiff,1,POINT (108.2598423925398 11.49172804785551)
408,spring_images/4/0_44_85.tiff,1,POINT (108.2531926033106 11.48710017169642)
409,spring_images/4/0_44_86.tiff,1,POINT (108.2554083267009 11.48671255105604)
416,spring_images/4/0_45_82.tiff,1,POINT (108.2319827734633 11.47607492710108)
423,spring_images/4/0_46_81.tiff,1,POINT (108.2282147981929 11.47549432713802)
424,spring_images/4/0_46_82.tiff,1,POINT (108.2327229288537 11.47148969692039)
425,spring_images/4/0_46_83.tiff,1,POINT (108.2386300505913 11.47528104551894)
438,spring_images/4/0_47_55.tiff,1,POINT (108.0752986551261 11.46665269160896)
439,spring_images/4/0_47_57.tiff,1,POINT (108.0886420624228 11.46648449739934)
440,spring_images/4/0_47_59.tiff,1,POINT (108.0990140386829 11.46911954001677)
441,spring_images/4/0_47_60.tiff,1,POINT (108.1045083828639 11.46693301529167)
442,spring_images/4/0_47_61.tiff,1,POINT (108.1103951802007 11.46754972739362)
443,spring_images/4/0_47_63.tiff,1,POINT (108.119029149628 11.46682088581859)
444,spring_images/4/0_47_64.tiff,1,POINT (108.1268782127438 11.47052115843029)
445,spring_images/4/0_47_65.tiff,1,POINT (108.131251262194 11.46726940371092)
446,spring_images/4/0_47_68.tiff,1,POINT (108.1533395434733 11.46558060253486)
447,spring_images/4/0_47_71.tiff,1,POINT (108.1659553341128 11.46726940371092)
448,spring_images/4/0_47_73.tiff,1,POINT (108.1812210577672 11.46549622365295)
449,spring_images/4/0_47_74.tiff,1,POINT (108.1842028149802 11.46617208862122)
450,spring_images/4/0_47_75.tiff,1,POINT (108.189450707675 11.46501914249888)
451,spring_images/4/0_47_76.tiff,1,POINT (108.1982469326336 11.46561281715234)
465,spring_images/4/0_48_59.tiff,1,POINT (108.0985094560541 11.46480255530311)
466,spring_images/4/0_48_66.tiff,1,POINT (108.1413003612191 11.45982679356254)
467,spring_images/4/0_48_67.tiff,1,POINT (108.1477266259094 11.45979795426154)
468,spring_images/4/0_48_68.tiff,1,POINT (108.1489504957972 11.4637771675865)
469,spring_images/4/0_48_69.tiff,1,POINT (108.1540684971461 11.46130324877592)
470,spring_images/4/0_48_70.tiff,1,POINT (108.1619186730819 11.46390551951846)
471,spring_images/4/0_48_74.tiff,1,POINT (108.1836462203004 11.46386619637654)
472,spring_images/4/0_48_75.tiff,1,POINT (108.1897290050148 11.45957246598988)
473,spring_images/4/0_48_76.tiff,1,POINT (108.1951756815238 11.46299154759407)
474,spring_images/4/0_48_77.tiff,1,POINT (108.2053136560478 11.46458181810764)
482,spring_images/4/0_49_55.tiff,1,POINT (108.0723272240894 11.45594432692964)
483,spring_images/4/0_49_57.tiff,1,POINT (108.0885299329498 11.45583219745656)
484,spring_images/4/0_49_58.tiff,1,POINT (108.0908846518845 11.45678529797775)
485,spring_images/4/0_49_60.tiff,1,POINT (108.1058539365409 11.4568413627143)
486,spring_images/4/0_49_66.tiff,1,POINT (108.1419035621368 11.457121686397)
487,spring_images/4/0_49_67.tiff,1,POINT (108.1461602780104 11.45425997978344)
488,spring_images/4/0_49_68.tiff,1,POINT (108.1520919800011 11.45875733761899)
489,spring_images/4/0_49_69.tiff,1,POINT (108.1539361127742 11.45386538827756)
490,spring_images/4/0_49_70.tiff,1,POINT (108.1644038444584 11.4557077240311)
491,spring_images/4/0_49_72.tiff,1,POINT (108.1745893035401 11.4583551106009)
492,spring_images/4/0_49_73.tiff,1,POINT (108.1824932741781 11.45539800589175)
493,spring_images/4/0_49_74.tiff,1,POINT (108.1853955178653 11.45376797861534)
494,spring_images/4/0_49_75.tiff,1,POINT (108.1904048699831 11.45667022230261)
495,spring_images/4/0_49_76.tiff,1,POINT (108.1978791413969 11.45500043826336)
496,spring_images/4/0_49_78.tiff,1,POINT (108.2068244130357 11.45305235688423)
497,spring_images/4/0_49_79.tiff,1,POINT (108.2134637924299 11.45344992451262)
507,spring_images/4/0_50_54.tiff,1,POINT (108.0688512104239 11.45364567273146)
508,spring_images/4/0_50_55.tiff,1,POINT (108.0765881440665 11.44899229959856)
509,spring_images/4/0_50_57.tiff,1,POINT (108.0853342429669 11.45431844956995)
510,spring_images/4/0_50_59.tiff,1,POINT (108.095706219227 11.45302896062951)
511,spring_images/4/0_50_62.tiff,1,POINT (108.1171229485857 11.44983327064668)
512,spring_images/4/0_50_63.tiff,1,POINT (108.1191973438377 11.45302896062951)
513,spring_images/4/0_50_64.tiff,1,POINT (108.126485759588 11.4524683132641)
514,spring_images/4/0_50_65.tiff,1,POINT (108.1342556111309 11.45151960900894)
515,spring_images/4/0_50_66.tiff,1,POINT (108.1388760663636 11.45375780220454)
516,spring_images/4/0_50_67.tiff,1,POINT (108.1426439672673 11.45282833894483)
517,spring_images/4/0_50_68.tiff,1,POINT (108.1497162840336 11.45150677677618)
518,spring_images/4/0_50_69.tiff,1,POINT (108.1578270195026 11.45341612894397)
519,spring_images/4/0_50_70.tiff,1,POINT (108.1607875132014 11.44993881464503)
520,spring_images/4/0_50_73.tiff,1,POINT (108.1814993551071 11.45301260012139)
521,spring_images/4/0_50_74.tiff,1,POINT (108.1853955178653 11.44911643736313)
522,spring_images/4/0_50_75.tiff,1,POINT (108.1904446267459 11.44772495066375)
523,spring_images/4/0_50_76.tiff,1,POINT (108.1976406008199 11.4497923023314)
524,spring_images/4/0_50_77.tiff,1,POINT (108.2027692232261 11.44907668060029)
525,spring_images/4/0_50_78.tiff,1,POINT (108.2068244130357 11.45305235688423)
526,spring_images/4/0_50_79.tiff,1,POINT (108.2150540629435 11.45066695111387)
539,spring_images/4/0_51_60.tiff,1,POINT (108.1054054186486 11.4475346164485)
540,spring_images/4/0_51_63.tiff,1,POINT (108.1204868327781 11.44652545119076)
541,spring_images/4/0_51_64.tiff,1,POINT (108.1297935790439 11.4465815159273)
542,spring_images/4/0_51_65.tiff,1,POINT (108.1352068832808 11.44799197478658)
543,spring_images/4/0_51_66.tiff,1,POINT (108.1382588814282 11.44501924931829)
544,spring_images/4/0_51_67.tiff,1,POINT (108.1420639700276 11.44723888433461)
545,spring_images/4/0_51_68.tiff,1,POINT (108.1492066428667 11.44397617322734)
546,spring_images/4/0_51_69.tiff,1,POINT (108.1592879012154 11.44552563369569)
547,spring_images/4/0_51_70.tiff,1,POINT (108.1612095708101 11.44237409073742)
548,spring_images/4/0_51_71.tiff,1,POINT (108.1704213270678 11.44394169963322)
549,spring_images/4/0_51_72.tiff,1,POINT (108.1719199217355 11.44242995939828)
550,spring_images/4/0_51_73.tiff,1,POINT (108.1827318147551 11.44637322072721)
551,spring_images/4/0_51_74.tiff,1,POINT (108.1836462203004 11.44458416639944)
552,spring_images/4/0_51_75.tiff,1,POINT (108.1896097347263 11.44541905841907)
553,spring_images/4/0_51_76.tiff,1,POINT (108.1953426687545 11.44420299771125)
554,spring_images/4/0_51_77.tiff,1,POINT (108.2027692232261 11.44541905841907)
555,spring_images/4/0_51_78.tiff,1,POINT (108.2111976569481 11.4469695721698)
556,spring_images/4/0_51_79.tiff,1,POINT (108.212708413936 11.44299389588587)
569,spring_images/4/0_52_58.tiff,1,POINT (108.0940242771308 11.44136749542899)
570,spring_images/4/0_52_60.tiff,1,POINT (108.1060221307505 11.43688231650571)
571,spring_images/4/0_52_63.tiff,1,POINT (108.1222248396109 11.43833999965578)
572,spring_images/4/0_52_67.tiff,1,POINT (108.146951028696 11.43698676836387)
573,spring_images/4/0_52_68.tiff,1,POINT (108.1532263020037 11.44109970411253)
574,spring_images/4/0_52_69.tiff,1,POINT (108.1559844900048 11.43670584648287)
575,spring_images/4/0_52_70.tiff,1,POINT (108.1637779747056 11.43728314164589)
576,spring_images/4/0_52_71.tiff,1,POINT (108.1665361627067 11.44132420778704)
577,spring_images/4/0_52_72.tiff,1,POINT (108.1744017528894 11.4415229879543)
578,spring_images/4/0_52_75.tiff,1,POINT (108.1900470591175 11.44092654421822)
579,spring_images/4/0_52_76.tiff,1,POINT (108.1976375919613 11.43916184286999)
580,spring_images/4/0_52_77.tiff,1,POINT (108.20058260127 11.439495300756)
581,spring_images/4/0_52_78.tiff,1,POINT (108.2095278729088 11.44108557126958)
591,spring_images/4/0_53_59.tiff,1,POINT (108.0994064918387 11.43654592808647)
592,spring_images/4/0_53_62.tiff,1,POINT (108.1168986896395 11.4335744970498)
593,spring_images/4/0_53_66.tiff,1,POINT (108.1398843693472 11.43555125615683)
594,spring_images/4/0_53_67.tiff,1,POINT (108.1450479538609 11.43147811806218)
595,spring_images/4/0_53_68.tiff,1,POINT (108.149473883444 11.43179883759719)
596,spring_images/4/0_53_69.tiff,1,POINT (108.1541623091507 11.43066493822573)
597,spring_images/4/0_53_70.tiff,1,POINT (108.161104406272 11.43082899629102)
598,spring_images/4/0_53_71.tiff,1,POINT (108.1695405740614 11.43582431184995)
599,spring_images/4/0_53_72.tiff,1,POINT (108.1715239687726 11.43465016235773)
606,spring_images/4/0_54_61.tiff,1,POINT (108.1102830507277 11.42740737603029)
607,spring_images/4/0_54_64.tiff,1,POINT (108.126485759588 11.42566936919752)
608,spring_images/4/0_54_66.tiff,1,POINT (108.1399485132542 11.42987452038712)
609,spring_images/4/0_54_68.tiff,1,POINT (108.1527342275668 11.42745559359096)
610,spring_images/4/0_54_69.tiff,1,POINT (108.1534760267683 11.42591529715969)
611,spring_images/4/0_54_70.tiff,1,POINT (108.1613886141697 11.42471895386181)
612,spring_images/4/0_54_71.tiff,1,POINT (108.1695142829268 11.42778251107843)
613,spring_images/4/0_54_72.tiff,1,POINT (108.1720382318408 11.42788767561651)
622,spring_images/4/0_55_67.tiff,1,POINT (108.1465713716522 11.42199283781421)
623,spring_images/4/0_55_68.tiff,1,POINT (108.1506124377933 11.42087031944167)
624,spring_images/4/0_55_69.tiff,1,POINT (108.1551391689272 11.4197942725379)
625,spring_images/4/0_55_71.tiff,1,POINT (108.170631656144 11.42378297223947)
626,spring_images/4/0_55_72.tiff,1,POINT (108.1735438845467 11.42340400376826)
627,spring_images/4/0_55_73.tiff,1,POINT (108.1798301179413 11.41870414630284)
644,spring_images/4/0_56_68.tiff,1,POINT (108.1476938900247 11.41695754111452)
645,spring_images/4/0_56_69.tiff,1,POINT (108.1590152896107 11.41805600552194)
646,spring_images/4/0_56_72.tiff,1,POINT (108.1748267626867 11.41692546916102)
647,spring_images/4/0_56_73.tiff,1,POINT (108.1787774830346 11.41366049796086)
668,spring_images/4/0_57_69.tiff,1,POINT (108.1575399797496 11.41163359683333)
669,spring_images/4/0_57_70.tiff,1,POINT (108.1603943836112 11.40877919297172)
670,spring_images/4/0_57_72.tiff,1,POINT (108.1760313603634 11.41218108232122)
671,spring_images/4/0_57_73.tiff,1,POINT (108.1771385359389 11.41093755507389)
672,spring_images/4/0_57_74.tiff,1,POINT (108.1859719434858 11.41269545639698)
673,spring_images/4/0_57_75.tiff,1,POINT (108.190715502459 11.41009727977757)
674,spring_images/4/0_57_76.tiff,1,POINT (108.1990921963731 11.40784408926531)
700,spring_images/4/0_58_68.tiff,1,POINT (108.1487201925368 11.40557199762161)
701,spring_images/4/0_58_69.tiff,1,POINT (108.1558080942605 11.40364768041154)
702,spring_images/4/0_58_71.tiff,1,POINT (108.1673860694745 11.40297416938801)
703,spring_images/4/0_58_72.tiff,1,POINT (108.1732006996557 11.4031614192279)
704,spring_images/4/0_58_73.tiff,1,POINT (108.1818917552198 11.40609434368954)
705,spring_images/4/0_58_74.tiff,1,POINT (108.1877615589166 11.40407080371845)
706,spring_images/4/0_58_75.tiff,1,POINT (108.1913515705941 11.40379050250639)
707,spring_images/4/0_58_76.tiff,1,POINT (108.1985531555806 11.40635633667826)
728,spring_images/4/0_59_67.tiff,1,POINT (108.1465392996987 11.40108192413144)
729,spring_images/4/0_59_71.tiff,1,POINT (108.1673566669999 11.40130158242377)
730,spring_images/4/0_59_72.tiff,1,POINT (108.1750823527273 11.40072208781838)
731,spring_images/4/0_59_75.tiff,1,POINT (108.1934911919446 11.39560753660704)
753,spring_images/4/0_60_71.tiff,1,POINT (108.169294224257 11.39562798935782)
754,spring_images/4/0_60_72.tiff,1,POINT (108.1738551876806 11.3939522273107)
755,spring_images/4/0_60_73.tiff,1,POINT (108.1765154087985 11.39356362504591)
756,spring_images/4/0_60_74.tiff,1,POINT (108.187738514909 11.39297458582348)
757,spring_images/4/0_60_75.tiff,1,POINT (108.1894674541082 11.39293095328849)
1165,spring_images/27/0_27_132.tiff,1,POINT (108.5288075052578 11.57956697043643)
1166,spring_images/27/0_28_127.tiff,1,POINT (108.4960865735315 11.57580744287944)
1167,spring_images/27/0_28_128.tiff,1,POINT (108.5014533108328 11.57117543003292)
1168,spring_images/27/0_28_132.tiff,1,POINT (108.5281833643306 11.57501523998129)
1169,spring_images/27/0_28_133.tiff,1,POINT (108.5301963593929 11.5759205254702)
1170,spring_images/4/0_29_127.tiff,1,POINT (108.4971386789582 11.56653841906085)
1171,spring_images/4/0_29_129.tiff,1,POINT (108.5091291821347 11.56668336470158)
1172,spring_images/27/0_29_134.tiff,1,POINT (108.5387319082884 11.56527639236139)
1173,spring_images/27/0_30_133.tiff,1,POINT (108.5323555496272 11.56444420445853)
1174,spring_images/27/0_30_134.tiff,1,POINT (108.5374871407414 11.559763147505)
1175,spring_images/27/0_31_130.tiff,1,POINT (108.5152282229239 11.55500899296536)
1176,spring_images/27/0_31_131.tiff,1,POINT (108.5228022574182 11.55820841807836)
1177,spring_images/27/0_31_134.tiff,1,POINT (108.5399837044499 11.55733405849127)
1178,spring_images/27/0_32_128.tiff,1,POINT (108.503459511568 11.55087616790726)
1179,spring_images/27/0_32_129.tiff,1,POINT (108.5107657558671 11.54851455358834)
1180,spring_images/27/0_32_134.tiff,1,POINT (108.5377935883137 11.55132318776051)
1181,spring_images/27/0_33_108.tiff,1,POINT (108.3837696613512 11.54697866818074)
1182,spring_images/27/0_33_113.tiff,1,POINT (108.4141333553377 11.54872103031053)
1183,spring_images/27/0_33_131.tiff,1,POINT (108.5233448664225 11.54319529847957)
1184,spring_images/27/0_33_132.tiff,1,POINT (108.524252963357 11.54476408513427)
1185,spring_images/27/0_33_133.tiff,1,POINT (108.5299587922383 11.54578885706194)
1187,spring_images/27/0_34_122.tiff,1,POINT (108.4693552705025 11.54156114571433)
1188,spring_images/27/0_34_123.tiff,1,POINT (108.475541153723 11.54226470998017)
1189,spring_images/27/0_34_130.tiff,1,POINT (108.5156147966965 11.5399073128296)
1190,spring_images/27/0_35_121.tiff,1,POINT (108.4637956367934 11.5315327191958)
1191,spring_images/27/0_35_124.tiff,1,POINT (108.4819688212665 11.5342092154239)
1192,spring_images/27/0_35_131.tiff,1,POINT (108.5225084613513 11.53272688072187)
1193,spring_images/27/0_35_132.tiff,1,POINT (108.5293704972429 11.53262145151122)
1194,spring_images/27/0_35_133.tiff,1,POINT (108.5311023477434 11.53251461657775)
1195,spring_images/27/0_36_123.tiff,1,POINT (108.4741417566667 11.53036315781882)
1196,spring_images/27/0_36_132.tiff,1,POINT (108.5252411864918 11.52823700207033)
1197,spring_images/27/0_36_134.tiff,1,POINT (108.5393173918387 11.52800505780688)
1198,spring_images/27/0_36_135.tiff,1,POINT (108.5428316988608 11.52724034459885)
1199,spring_images/27/0_37_133.tiff,1,POINT (108.533534248203 11.5212126051944)
1200,spring_images/27/0_37_135.tiff,1,POINT (108.542882304882 11.51898031737389)
1201,spring_images/27/0_37_136.tiff,1,POINT (108.5509567766961 11.52111139315215)
1202,spring_images/27/0_38_133.tiff,1,POINT (108.534189315032 11.51853048607507)
1203,spring_images/27/0_38_135.tiff,1,POINT (108.5452889023308 11.51697856809405)
1912,spring_images/24/3_116_104.tiff,1,POINT (108.3895721520445 13.77649212262753)
1953,spring_images/24/3_121_69.tiff,1,POINT (108.1852994855227 13.74654124470985)
1954,spring_images/24/3_121_70.tiff,1,POINT (108.1889662931108 13.74892851719522)
1961,spring_images/24/3_122_69.tiff,1,POINT (108.1862553532077 13.74050219028479)
1962,spring_images/24/3_122_70.tiff,1,POINT (108.1912575452291 13.74220110200799)
1963,spring_images/24/3_122_71.tiff,1,POINT (108.1942829259706 13.74066549208617)
1967,spring_images/24/3_123_68.tiff,1,POINT (108.1802916209676 13.73547086648172)
1968,spring_images/24/3_123_69.tiff,1,POINT (108.1856709046553 13.73588103579992)
1969,spring_images/24/3_123_70.tiff,1,POINT (108.1897391249706 13.740250075223)
1970,spring_images/24/3_123_72.tiff,1,POINT (108.2032734739865 13.73541549756543)
1971,spring_images/24/3_123_73.tiff,1,POINT (108.2082795807312 13.7350475588957)
1972,spring_images/24/3_123_74.tiff,1,POINT (108.2117959354726 13.73642979158746)
1977,spring_images/24/3_124_68.tiff,1,POINT (108.1815317772892 13.73411588466844)
1978,spring_images/24/3_124_69.tiff,1,POINT (108.1868802351764 13.72949315127684)
1979,spring_images/24/3_124_70.tiff,1,POINT (108.1877548451181 13.73006244283889)
1980,spring_images/24/3_124_71.tiff,1,POINT (108.1978885538351 13.73063031374001)
1981,spring_images/24/3_124_72.tiff,1,POINT (108.2014294850599 13.73265724867008)
1982,spring_images/24/3_124_73.tiff,1,POINT (108.2059051932852 13.73101958019271)
1983,spring_images/24/3_124_74.tiff,1,POINT (108.2118185486864 13.73225482699496)
1986,spring_images/24/3_125_68.tiff,1,POINT (108.1814589454435 13.72575282695432)
1987,spring_images/24/3_125_69.tiff,1,POINT (108.1849529129049 13.72705802517254)
1988,spring_images/24/3_125_71.tiff,1,POINT (108.1959592427099 13.7236857864735)
1989,spring_images/24/3_125_72.tiff,1,POINT (108.20459928019 13.72506665166745)
1990,spring_images/24/3_125_73.tiff,1,POINT (108.2056507946303 13.72349503331036)
1991,spring_images/24/3_125_74.tiff,1,POINT (108.2126778508097 13.72494510564343)
1999,spring_images/24/3_126_68.tiff,1,POINT (108.1802676202981 13.72283966359999)
2000,spring_images/24/3_126_69.tiff,1,POINT (108.18214439623 13.71770559198036)
2001,spring_images/24/3_126_71.tiff,1,POINT (108.1942715091354 13.71835287930647)
2002,spring_images/24/3_126_73.tiff,1,POINT (108.2109422866528 13.71832508731192)
2003,spring_images/24/3_126_74.tiff,1,POINT (108.2121125204654 13.72244351887)
2007,spring_images/24/3_127_69.tiff,1,POINT (108.1822963728122 13.71698239307202)
2008,spring_images/24/3_127_70.tiff,1,POINT (108.192034434829 13.71673794992546)
2009,spring_images/24/3_127_74.tiff,1,POINT (108.2116546028866 13.716366217669)
810,spring_images/10/1_117_0.tiff,1,POINT (107.7599806842101 11.97196228841197)
1123,spring_images/10/4_117_157.tiff,1,POINT (107.7599806842101 11.97196228841197)
1124,spring_images/4/4_129_135.tiff,1,POINT (107.630722997095 11.90236276714344)
1125,spring_images/4/4_130_131.tiff,1,POINT (107.6106118312506 11.89759410967122)
1126,spring_images/4/4_130_135.tiff,1,POINT (107.6330832328735 11.89438533574777)
1127,spring_images/4/4_130_138.tiff,1,POINT (107.6503989459726 11.89751260097377)
1128,spring_images/4/4_131_132.tiff,1,POINT (107.6159821872153 11.88880338598279)
1129,spring_images/4/4_131_137.tiff,1,POINT (107.6460154613415 11.89308357364519)
1130,spring_images/4/4_132_133.tiff,1,POINT (107.6198796458332 11.88784236821179)
1131,spring_images/4/4_132_137.tiff,1,POINT (107.6409070887757 11.88270742907247)
1132,spring_images/4/4_144_149.tiff,1,POINT (107.7117108061721 11.81596958061561)
1133,spring_images/4/4_146_154.tiff,1,POINT (107.7398355547892 11.8024379750949)
1134,spring_images/4/4_147_149.tiff,1,POINT (107.7102354827564 11.79892610214186)
1135,spring_images/4/4_149_151.tiff,1,POINT (107.7247846707047 11.78387521805742)
1136,spring_images/4/4_150_149.tiff,1,POINT (107.7121332461446 11.77772513062263)
1137,spring_images/4/4_157_133.tiff,1,POINT (107.6175509229467 11.73819144919174)
1138,spring_images/4/4_158_132.tiff,1,POINT (107.6129679000331 11.73607241709188)
1139,spring_images/4/4_158_133.tiff,1,POINT (107.6193824894517 11.73488148819854)
1140,spring_images/4/4_161_89.tiff,1,POINT (107.3589894689543 11.72106153706267)
1141,spring_images/4/4_162_89.tiff,1,POINT (107.3586464600316 11.71254634055674)
1142,spring_images/4/4_163_86.tiff,1,POINT (107.3424650141034 11.70950642397934)
1143,spring_images/4/4_164_85.tiff,1,POINT (107.3351632116615 11.70219604631438)
1144,spring_images/4/4_164_87.tiff,1,POINT (107.3509673477748 11.70521881244564)
1145,spring_images/4/4_165_108.tiff,1,POINT (107.4699947831323 11.69583199932056)
1146,spring_images/4/4_165_111.tiff,1,POINT (107.4865801382538 11.69553096054353)
1147,spring_images/4/4_165_113.tiff,1,POINT (107.4984617624844 11.69737482305279)
1148,spring_images/4/4_166_106.tiff,1,POINT (107.4573135246503 11.69010285509537)
1149,spring_images/4/4_166_111.tiff,1,POINT (107.4906065318965 11.68740291356396)
1150,spring_images/4/4_167_105.tiff,1,POINT (107.4507659312501 11.68513571527452)
1151,spring_images/4/4_167_107.tiff,1,POINT (107.4655544611713 11.68490993619175)
1152,spring_images/4/4_168_105.tiff,1,POINT (107.4538892085617 11.67854108456539)
1153,spring_images/10/4_168_107.tiff,1,POINT (107.4631458562448 11.67660101341542)
1154,spring_images/4/4_168_111.tiff,1,POINT (107.4912368318359 11.67862575172143)
1155,spring_images/10/4_169_106.tiff,1,POINT (107.4595958826251 11.67030925941705)
1156,spring_images/4/4_170_105.tiff,1,POINT (107.4506154118616 11.66981096003177)
1157,spring_images/4/4_170_111.tiff,1,POINT (107.4911992019888 11.66815524675816)
1158,spring_images/4/4_170_140.tiff,1,POINT (107.6570845781573 11.66405306383888)
812,spring_images/4/1_131_49.tiff,1,POINT (108.0417170323216 11.88792297123259)
1204,spring_images/4/1_51_94.tiff,1,POINT (108.3151146679076 12.34896807974559)
1205,spring_images/4/1_71_72.tiff,1,POINT (108.1859015496287 12.23117390787194)
1206,spring_images/4/1_71_73.tiff,1,POINT (108.1887780343719 12.23123425370571)
1207,spring_images/4/1_71_74.tiff,1,POINT (108.1963078748258 12.22979347712465)
1208,spring_images/4/1_71_76.tiff,1,POINT (108.2054913159174 12.22983121307048)
1209,spring_images/4/1_72_73.tiff,1,POINT (108.1862334517144 12.22841811479628)
1210,spring_images/4/1_73_138.tiff,1,POINT (108.5717174153642 12.21454362738058)
1211,spring_images/4/1_74_137.tiff,1,POINT (108.5675720976688 12.21175004371633)
1212,spring_images/4/1_74_138.tiff,1,POINT (108.5699666213401 12.20755232449245)
1213,spring_images/4/1_74_139.tiff,1,POINT (108.5766681412531 12.20888324112539)
1217,spring_images/4/1_75_141.tiff,1,POINT (108.5892843255432 12.20326791267123)
1218,spring_images/4/1_76_139.tiff,1,POINT (108.5773665371691 12.20011386659869)
1219,spring_images/4/1_76_140.tiff,1,POINT (108.5820750773774 12.20009133769817)
1220,spring_images/4/1_76_142.tiff,1,POINT (108.595141839678 12.19570886793809)
1221,spring_images/4/1_77_142.tiff,1,POINT (108.5931517104492 12.19483886608947)
1235,spring_images/4/1_80_116.tiff,1,POINT (108.4402872346005 12.17877764494515)
1239,spring_images/10/1_81_80.tiff,1,POINT (108.2313589749109 12.17666865490961)
1240,spring_images/10/1_81_81.tiff,1,POINT (108.2381802549756 12.17470455092212)
1241,spring_images/10/1_82_82.tiff,1,POINT (108.2387376358369 12.16602865239628)
1242,spring_images/10/1_83_82.tiff,1,POINT (108.2393879135085 12.16253506878338)
1243,spring_images/10/1_83_83.tiff,1,POINT (108.24441429449 12.16305263672604)
1244,spring_images/4/1_85_73.tiff,1,POINT (108.1864735056029 12.15030461723635)
1249,spring_images/10/1_86_84.tiff,1,POINT (108.254835164164 12.14734844602354)
1252,spring_images/27/1_87_138.tiff,1,POINT (108.5672475926893 12.13640646534073)
1256,spring_images/27/1_88_132.tiff,1,POINT (108.5350134708831 12.12710599768461)
1257,spring_images/27/1_88_136.tiff,1,POINT (108.5569873225771 12.13033376435653)
1260,spring_images/27/1_89_139.tiff,1,POINT (108.573697682919 12.12447697356567)
1262,spring_images/27/1_90_138.tiff,1,POINT (108.5699854790906 12.11829903904185)
1263,spring_images/27/1_91_133.tiff,1,POINT (108.5396909202818 12.11451788910128)
1264,spring_images/27/1_91_139.tiff,1,POINT (108.5739045212555 12.11322877824103)
1265,spring_images/27/1_92_131.tiff,1,POINT (108.5295812429935 12.10759424794331)
1266,spring_images/27/1_92_138.tiff,1,POINT (108.5716129702118 12.10342300815764)
1267,spring_images/10/1_93_140.tiff,1,POINT (108.5798241463942 12.1003435166126)
1268,spring_images/10/1_93_141.tiff,1,POINT (108.5839118304532 12.09922459205781)
1269,spring_images/27/1_94_138.tiff,1,POINT (108.5696153473306 12.09399553450543)
1270,spring_images/27/1_97_135.tiff,1,POINT (108.5497824538564 12.07909773116474)
1271,spring_images/27/1_98_133.tiff,1,POINT (108.5422763994878 12.07253877865267)
1273,spring_images/27/1_99_137.tiff,1,POINT (108.5633194786676 12.06335624513578)
1274,spring_images/27/1_100_131.tiff,1,POINT (108.5280589854119 12.06109190966273)
1275,spring_images/27/1_101_133.tiff,1,POINT (108.5406325790242 12.05687893933548)
1276,spring_images/4/1_102_74.tiff,1,POINT (108.1948061062595 12.05417487811192)
1277,spring_images/4/1_102_75.tiff,1,POINT (108.1964482276924 12.05185850814359)
1278,spring_images/4/1_103_74.tiff,1,POINT (108.1930117351573 12.04940891971464)
1279,spring_images/4/1_103_80.tiff,1,POINT (108.2265583333067 12.04656070358303)
1280,spring_images/4/1_103_81.tiff,1,POINT (108.2340413649842 12.04866741295168)
1281,spring_images/27/1_103_104.tiff,1,POINT (108.3690902278276 12.04248073899235)
1282,spring_images/4/1_104_73.tiff,1,POINT (108.1885962029438 12.04244057695893)
1283,spring_images/4/1_104_81.tiff,1,POINT (108.2342436090836 12.03885014729377)
1284,spring_images/4/1_104_82.tiff,1,POINT (108.241486475893 12.04114224708686)
1285,spring_images/27/1_104_105.tiff,1,POINT (108.3748654281974 12.03901693172066)
1286,spring_images/27/1_104_106.tiff,1,POINT (108.3814160579207 12.04099808172993)
1287,spring_images/27/1_104_107.tiff,1,POINT (108.3839040137463 12.03640062896756)
1288,spring_images/27/1_104_115.tiff,1,POINT (108.4326872102517 12.03641218156281)
1289,spring_images/4/1_105_80.tiff,1,POINT (108.2270639435552 12.0338277521589)
1290,spring_images/27/1_105_102.tiff,1,POINT (108.3586369464976 12.03225156771475)
1291,spring_images/27/1_105_103.tiff,1,POINT (108.3613519776565 12.03140250342507)
1292,spring_images/27/1_105_104.tiff,1,POINT (108.3660317040904 12.03184678125107)
1293,spring_images/27/1_105_105.tiff,1,POINT (108.3747864454727 12.03184678125107)
1294,spring_images/27/1_105_106.tiff,1,POINT (108.3776816559722 12.03365104286666)
1295,spring_images/27/1_105_107.tiff,1,POINT (108.3847506098259 12.03199240564959)
1296,spring_images/27/1_105_111.tiff,1,POINT (108.4073883647972 12.0310003222948)
1297,spring_images/27/1_105_112.tiff,1,POINT (108.4135943706793 12.03093645735732)
1298,spring_images/27/1_105_115.tiff,1,POINT (108.4336798935193 12.03204159844951)
1299,spring_images/4/1_106_81.tiff,1,POINT (108.2332113214929 12.02981657752099)
1300,spring_images/27/1_106_103.tiff,1,POINT (108.3610039600262 12.0273274884766)
1301,spring_images/27/1_106_104.tiff,1,POINT (108.3676212314234 12.02561701884651)
1302,spring_images/27/1_106_105.tiff,1,POINT (108.3743372312264 12.02639203683187)
1303,spring_images/27/1_106_106.tiff,1,POINT (108.3784887606894 12.02641671893331)
1304,spring_images/27/1_106_107.tiff,1,POINT (108.3866412587965 12.03051641598322)
1305,spring_images/27/1_106_111.tiff,1,POINT (108.4104066772777 12.02937593149349)
1306,spring_images/27/1_106_112.tiff,1,POINT (108.4151437895975 12.02731836981182)
1307,spring_images/27/1_106_113.tiff,1,POINT (108.4186147101131 12.02794313550463)
1308,spring_images/27/1_106_115.tiff,1,POINT (108.4339020324323 12.02908437417018)
1309,spring_images/27/1_106_116.tiff,1,POINT (108.4384336662576 12.02463604243733)
1310,spring_images/27/1_106_117.tiff,1,POINT (108.4449492782495 12.0246957422702)
1311,spring_images/27/1_106_118.tiff,1,POINT (108.4502459029563 12.02810696295298)
1312,spring_images/27/1_106_121.tiff,1,POINT (108.4686450212151 12.02420240876758)
1313,spring_images/27/1_107_103.tiff,1,POINT (108.362813158062 12.02445202365833)
1314,spring_images/27/1_107_104.tiff,1,POINT (108.3712248182343 12.02361283220923)
1315,spring_images/27/1_107_105.tiff,1,POINT (108.3731944499295 12.02041896828233)
1316,spring_images/27/1_107_106.tiff,1,POINT (108.3791625820587 12.01966369597813)
1317,spring_images/27/1_107_116.tiff,1,POINT (108.4390209460088 12.02197731732234)
1318,spring_images/27/1_107_117.tiff,1,POINT (108.4456554948771 12.02089624127907)
1319,spring_images/27/1_107_119.tiff,1,POINT (108.4592929729777 12.01847862944258)
1320,spring_images/27/1_107_120.tiff,1,POINT (108.4608405407383 12.01953749159455)
1321,spring_images/27/1_107_121.tiff,1,POINT (108.4669530631611 12.02031127547484)
1322,spring_images/27/1_107_122.tiff,1,POINT (108.4723825084263 12.01900065588813)
1323,spring_images/27/1_108_104.tiff,1,POINT (108.3710298296328 12.01398845811934)
1324,spring_images/27/1_108_105.tiff,1,POINT (108.3768202506316 12.01342241525954)
1325,spring_images/27/1_108_106.tiff,1,POINT (108.3791823277399 12.01602061780494)
1326,spring_images/27/1_108_116.tiff,1,POINT (108.4413015721823 12.01441718964987)
1327,spring_images/27/1_108_117.tiff,1,POINT (108.4422345556169 12.01569819071484)
1328,spring_images/27/1_108_119.tiff,1,POINT (108.4586339608692 12.01494662072586)
1329,spring_images/27/1_108_120.tiff,1,POINT (108.4607368759123 12.0159536504648)
1330,spring_images/27/1_108_121.tiff,1,POINT (108.4663643950416 12.01755305063841)
1331,spring_images/27/1_108_122.tiff,1,POINT (108.4720659604754 12.01230686997637)
1332,spring_images/27/1_109_104.tiff,1,POINT (108.3711989020276 12.01175513930697)
1333,spring_images/27/1_109_105.tiff,1,POINT (108.3718110181434 12.01162185595917)
1334,spring_images/27/1_109_106.tiff,1,POINT (108.3774981856846 12.0100261581008)
1335,spring_images/27/1_109_117.tiff,1,POINT (108.4474529689147 12.00742351620555)
1336,spring_images/27/1_109_118.tiff,1,POINT (108.4511849026532 12.00903772564003)
1337,spring_images/27/1_109_119.tiff,1,POINT (108.454607693071 12.00776227804788)
1338,spring_images/27/1_109_120.tiff,1,POINT (108.4622529739935 12.00801866337664)
1339,spring_images/27/1_109_122.tiff,1,POINT (108.47505002654 12.00806401673804)
1340,spring_images/27/1_110_104.tiff,1,POINT (108.3711647584541 12.00612638607259)
1341,spring_images/27/1_110_105.tiff,1,POINT (108.3732923555985 12.00720252569556)
1342,spring_images/27/1_110_106.tiff,1,POINT (108.3827838577092 12.00542664849667)
1343,spring_images/27/1_110_107.tiff,1,POINT (108.3845148957572 12.00322829599469)
1344,spring_images/27/1_110_108.tiff,1,POINT (108.3900041951185 12.00207317364709)
1345,spring_images/27/1_110_116.tiff,1,POINT (108.4397021720086 12.00391187022253)
1346,spring_images/27/1_110_117.tiff,1,POINT (108.442767689008 12.00396370263556)
1347,spring_images/27/1_110_118.tiff,1,POINT (108.4519716446367 12.00111291991871)
1348,spring_images/27/1_110_119.tiff,1,POINT (108.4541782245059 12.00314919328789)
1349,spring_images/27/1_110_120.tiff,1,POINT (108.4609645682981 12.00564177700752)
1350,spring_images/27/1_110_121.tiff,1,POINT (108.4661718746503 12.00441353393439)
1351,spring_images/27/1_111_100.tiff,1,POINT (108.3470519908164 11.99666902753583)
1352,spring_images/27/1_111_101.tiff,1,POINT (108.3510669459847 11.99986782788302)
1353,spring_images/27/1_111_102.tiff,1,POINT (108.354450039356 11.99684015677251)
1354,spring_images/27/1_111_103.tiff,1,POINT (108.3651986831669 11.9991787858844)
1355,spring_images/27/1_111_104.tiff,1,POINT (108.3693189486347 11.99787886187499)
1356,spring_images/27/1_111_105.tiff,1,POINT (108.3731907476146 11.99834123990871)
1357,spring_images/27/1_111_106.tiff,1,POINT (108.3809343455743 12.00165522339597)
1358,spring_images/27/1_111_107.tiff,1,POINT (108.3864335177762 11.99720586324226)
1359,spring_images/27/1_111_108.tiff,1,POINT (108.3890958937853 12.00002291375378)
1360,spring_images/27/1_111_116.tiff,1,POINT (108.4374289504656 11.99757998562319)
1361,spring_images/27/1_111_117.tiff,1,POINT (108.4458258013771 11.99551039141706)
1362,spring_images/27/1_111_118.tiff,1,POINT (108.4523048530062 11.99715884726728)
1363,spring_images/27/1_111_119.tiff,1,POINT (108.454437386571 11.99529288039807)
1364,spring_images/27/1_111_120.tiff,1,POINT (108.4625898846782 11.99602593881098)
1365,spring_images/27/1_111_121.tiff,1,POINT (108.4684913751336 11.99534471281111)
1366,spring_images/27/1_112_100.tiff,1,POINT (108.3456895388167 11.9955402327631)
1367,spring_images/27/1_112_101.tiff,1,POINT (108.3532652984867 11.99560276075343)
1368,spring_images/27/1_112_102.tiff,1,POINT (108.3564509350464 11.99607665710116)
1369,spring_images/27/1_112_103.tiff,1,POINT (108.3602289420408 11.99572781673408)
1370,spring_images/27/1_112_104.tiff,1,POINT (108.3667927355516 11.99375324861853)
1371,spring_images/27/1_112_105.tiff,1,POINT (108.374712810537 11.99447273187567)
1372,spring_images/27/1_112_107.tiff,1,POINT (108.3861077140371 11.99547153424744)
1373,spring_images/27/1_112_108.tiff,1,POINT (108.3898626844035 11.99274992119484)
1374,spring_images/27/1_112_116.tiff,1,POINT (108.4398632227206 11.99465885891722)
1375,spring_images/27/1_112_117.tiff,1,POINT (108.4469735190942 11.99155354202922)
1376,spring_images/27/1_112_118.tiff,1,POINT (108.4482026877461 11.98945062698614)
1377,spring_images/27/1_112_119.tiff,1,POINT (108.4538633734493 11.9895812878606)
1378,spring_images/27/1_112_120.tiff,1,POINT (108.4605374136799 11.99280970672952)
1379,spring_images/27/1_112_121.tiff,1,POINT (108.4660612679832 11.98968988910695)
1380,spring_images/27/1_112_122.tiff,1,POINT (108.47133475322 11.98929142743177)
1381,spring_images/27/1_113_102.tiff,1,POINT (108.3570087505391 11.98895175715088)
1382,spring_images/27/1_113_103.tiff,1,POINT (108.363722282132 11.98868848140214)
1383,spring_images/27/1_113_104.tiff,1,POINT (108.3653216823056 11.98670074949916)
1384,spring_images/27/1_113_105.tiff,1,POINT (108.3743783680623 11.98921503289963)
1385,spring_images/27/1_113_107.tiff,1,POINT (108.3865552828099 11.98865598330193)
1386,spring_images/27/1_113_108.tiff,1,POINT (108.389102475679 11.98489114009494)
1387,spring_images/27/1_113_118.tiff,1,POINT (108.4527378696234 11.98861374948398)
1388,spring_images/27/1_113_119.tiff,1,POINT (108.454011466058 11.98575062571643)
1389,spring_images/27/1_113_120.tiff,1,POINT (108.4595674070931 11.98492130710789)
1390,spring_images/27/1_113_121.tiff,1,POINT (108.4688231951348 11.98332931156474)
1391,spring_images/27/1_113_122.tiff,1,POINT (108.4711963791887 11.98367732919511)
1392,spring_images/27/1_114_103.tiff,1,POINT (108.3606686948151 11.9791122374101)
1393,spring_images/27/1_114_104.tiff,1,POINT (108.3683625172036 11.98373889732584)
1394,spring_images/27/1_114_106.tiff,1,POINT (108.3806924609802 11.98012749451619)
1395,spring_images/27/1_114_107.tiff,1,POINT (108.3881875924521 11.98382487331255)
1396,spring_images/27/1_114_119.tiff,1,POINT (108.4547519291013 11.98341569891979)
1397,spring_images/27/1_114_120.tiff,1,POINT (108.4642674962607 11.98258514620619)
1398,spring_images/27/1_114_121.tiff,1,POINT (108.4658613429615 11.98086356963045)
1399,spring_images/27/1_114_122.tiff,1,POINT (108.4739434970795 11.98308125644523)
1400,spring_images/27/1_115_104.tiff,1,POINT (108.3695476694413 11.97366242941118)
1401,spring_images/27/1_115_105.tiff,1,POINT (108.375530199463 11.97563658615836)
1402,spring_images/27/1_115_106.tiff,1,POINT (108.3778918652029 11.97769713026061)
1403,spring_images/27/1_115_109.tiff,1,POINT (108.399157963808 11.97531667869918)
1404,spring_images/27/1_115_111.tiff,1,POINT (108.4074783002049 11.97454248345055)
1405,spring_images/27/1_115_112.tiff,1,POINT (108.4142017046383 11.97242969556691)
1406,spring_images/27/1_115_113.tiff,1,POINT (108.42243318547 11.97260987490745)
1407,spring_images/4/1_116_103.tiff,1,POINT (108.359641370904 11.97263400851768)
1408,spring_images/27/1_116_105.tiff,1,POINT (108.3729143080783 11.97053932084175)
1409,spring_images/27/1_116_106.tiff,1,POINT (108.3825107091199 11.97273438239687)
1410,spring_images/27/1_116_107.tiff,1,POINT (108.3837678508201 11.97109219991411)
1411,spring_images/27/1_116_109.tiff,1,POINT (108.399039489721 11.97059087900928)
1412,spring_images/27/1_116_110.tiff,1,POINT (108.4022185443871 11.97229558948238)
1413,spring_images/27/1_116_111.tiff,1,POINT (108.4075794968208 11.96830531641555)
1414,spring_images/27/1_116_112.tiff,1,POINT (108.4127281831821 11.9697467511399)
1415,spring_images/27/1_116_113.tiff,1,POINT (108.420399380311 11.97020090180648)
1416,spring_images/4/1_117_104.tiff,1,POINT (108.3674145873855 11.96490686529217)
1417,spring_images/4/1_117_105.tiff,1,POINT (108.37352916665 11.96603236911803)
1418,spring_images/27/1_117_107.tiff,1,POINT (108.385571289699 11.96518824124861)
1419,spring_images/27/1_117_109.tiff,1,POINT (108.3949225152001 11.96485475863361)
1420,spring_images/27/1_117_110.tiff,1,POINT (108.400816601025 11.96247375858095)
1421,spring_images/27/1_117_111.tiff,1,POINT (108.4067995424152 11.96556560315523)
1422,spring_images/27/1_118_109.tiff,1,POINT (108.3987112177718 11.95732178127281)
1423,spring_images/27/1_118_110.tiff,1,POINT (108.4016903474162 11.95936792748254)
1424,spring_images/27/1_119_104.tiff,1,POINT (108.370185564641 11.9502999976574)
1425,spring_images/27/1_119_108.tiff,1,POINT (108.391533936917 11.9523272209227)
1426,spring_images/27/1_119_109.tiff,1,POINT (108.3954531803812 11.95412544913576)
1427,spring_images/27/1_120_102.tiff,1,POINT (108.3573360626292 11.94473336104499)
1428,spring_images/27/1_120_103.tiff,1,POINT (108.3631281291014 11.94439110257163)
1429,spring_images/27/1_120_104.tiff,1,POINT (108.3688626040036 11.94905931069147)
1430,spring_images/27/1_120_107.tiff,1,POINT (108.3847414225995 11.94917449383154)
1431,spring_images/27/1_120_109.tiff,1,POINT (108.3974030663951 11.94416128478263)
1432,spring_images/27/1_120_110.tiff,1,POINT (108.4037340254155 11.94478821015931)
1433,spring_images/27/1_121_103.tiff,1,POINT (108.3645103267823 11.94270613777969)
1434,spring_images/27/1_121_104.tiff,1,POINT (108.3665869142505 11.94323927117089)
1435,spring_images/27/1_121_105.tiff,1,POINT (108.3757272449067 11.94152194540152)
1436,spring_images/27/1_121_106.tiff,1,POINT (108.3765302359404 11.93850414713159)
1437,spring_images/4/1_121_108.tiff,1,POINT (108.3893591695343 11.94058238007319)
1438,spring_images/27/1_121_109.tiff,1,POINT (108.3988445011195 11.94197609606809)
1439,spring_images/27/1_121_110.tiff,1,POINT (108.4016804745753 11.94086540150308)
1440,spring_images/4/1_122_104.tiff,1,POINT (108.3668820024856 11.93786405796745)
1441,spring_images/4/1_122_107.tiff,1,POINT (108.3832050989075 11.93705448504007)
1442,spring_images/27/1_122_108.tiff,1,POINT (108.3936546779224 11.93327812351908)
1443,spring_images/27/1_122_109.tiff,1,POINT (108.3952343324149 11.93596353615624)
1444,spring_images/27/1_122_110.tiff,1,POINT (108.4025336525487 11.93316623132587)
1445,spring_images/4/1_123_106.tiff,1,POINT (108.3764652397398 11.92793856223995)
1446,spring_images/27/1_123_107.tiff,1,POINT (108.3860418951003 11.92668471148658)
1447,spring_images/27/1_123_108.tiff,1,POINT (108.3888161633027 11.92734619180529)
1448,spring_images/27/1_123_109.tiff,1,POINT (108.3996112917377 11.92878269010935)
1449,spring_images/27/1_123_111.tiff,1,POINT (108.4058772545577 11.92658433760737)
1450,spring_images/27/1_124_105.tiff,1,POINT (108.3753956820105 11.92130401337169)
1451,spring_images/27/1_124_106.tiff,1,POINT (108.3763368928122 11.92232420689806)
1452,spring_images/27/1_124_107.tiff,1,POINT (108.3838073421828 11.92069683367615)
1453,spring_images/27/1_124_108.tiff,1,POINT (108.388783253834 11.92246900855987)
1454,spring_images/27/1_124_109.tiff,1,POINT (108.3957510110718 11.92201979431359)
1455,spring_images/27/1_124_111.tiff,1,POINT (108.4083355918616 11.92579121941429)
1456,spring_images/27/1_125_105.tiff,1,POINT (108.3744610531025 11.91557447488973)
1457,spring_images/27/1_125_106.tiff,1,POINT (108.3761657635756 11.91953348396141)
1458,spring_images/27/1_125_107.tiff,1,POINT (108.3824745087048 11.91960094837202)
1459,spring_images/4/1_125_108.tiff,1,POINT (108.3921145147923 11.91930147220785)
1460,spring_images/27/1_126_105.tiff,1,POINT (108.3754944104163 11.91240364759084)
1461,spring_images/27/1_126_106.tiff,1,POINT (108.3775808707251 11.91416101321368)
1462,spring_images/27/1_126_107.tiff,1,POINT (108.3864483270374 11.9144901078996)
1463,spring_images/27/1_126_110.tiff,1,POINT (108.4030700768868 11.91434530623782)
1464,spring_images/4/1_127_107.tiff,1,POINT (108.3865980651195 11.90742773593966)
1465,spring_images/27/1_127_109.tiff,1,POINT (108.3936538551857 11.90767126600723)
1466,spring_images/4/1_128_107.tiff,1,POINT (108.3869666511677 11.90031929072367)
1467,spring_images/4/1_128_109.tiff,1,POINT (108.3936538551857 11.90037194587342)
1468,spring_images/4/1_128_110.tiff,1,POINT (108.4012361967494 11.90147770401813)
1469,spring_images/4/1_129_107.tiff,1,POINT (108.3832807906853 11.89463253455089)
1470,spring_images/4/1_129_108.tiff,1,POINT (108.3926007521907 11.8956329823961)
1471,spring_images/4/1_129_109.tiff,1,POINT (108.3982348532138 11.89726529203829)
1472,spring_images/4/1_129_110.tiff,1,POINT (108.4016047827976 11.89426394850265)
1473,spring_images/4/1_130_107.tiff,1,POINT (108.3820433946663 11.8878400202334)
1474,spring_images/4/1_130_108.tiff,1,POINT (108.3920742006932 11.88705019298717)
1475,spring_images/4/1_130_109.tiff,1,POINT (108.3962339575233 11.891683846165)
1476,spring_images/4/1_130_110.tiff,1,POINT (108.399235301059 11.88752408933491)
1477,spring_images/4/1_131_107.tiff,1,POINT (108.3839126524823 11.88229806572242)
1478,spring_images/4/1_131_108.tiff,1,POINT (108.3913370285968 11.88067891986766)
1479,spring_images/4/1_131_109.tiff,1,POINT (108.3956020957264 11.88310105675607)
1480,spring_images/4/1_131_110.tiff,1,POINT (108.4009202658509 11.8824691949591)
1481,spring_images/4/1_132_108.tiff,1,POINT (108.3926534073405 11.87554504276724)
1482,spring_images/4/1_132_109.tiff,1,POINT (108.3972870605183 11.87770390390691)
1483,spring_images/4/1_132_110.tiff,1,POINT (108.4020260239956 11.87796717965564)
1485,spring_images/4/1_133_109.tiff,1,POINT (108.3949175787797 11.87127997563765)
1486,spring_images/4/1_133_110.tiff,1,POINT (108.3999198180057 11.87307025072908)
1487,spring_images/4/1_134_110.tiff,1,POINT (108.4010782313002 11.86569852976436)
1488,spring_images/4/1_134_111.tiff,1,POINT (108.4059751602267 11.86606711581259)
1489,spring_images/4/1_134_112.tiff,1,POINT (108.4112933303513 11.8645401164699)
1490,spring_images/4/1_135_110.tiff,1,POINT (108.400077783455 11.86122284203578)
1505,spring_images/9/1_147_77.tiff,1,POINT (108.2064369959272 11.79118675041032)
1012,spring_images/4/4_55_105.tiff,1,POINT (107.4603536646113 12.33123994062604)
1013,spring_images/4/4_55_106.tiff,1,POINT (107.4648913778749 12.32993586931219)
1014,spring_images/4/4_55_110.tiff,1,POINT (107.489486769399 12.33080019564811)
1015,spring_images/4/4_56_99.tiff,1,POINT (107.4267662464697 12.32416990283437)
1016,spring_images/4/4_56_101.tiff,1,POINT (107.4339992931756 12.32420023007423)
1017,spring_images/4/4_56_102.tiff,1,POINT (107.4404172953103 12.32467030229201)
1018,spring_images/4/4_56_103.tiff,1,POINT (107.4502016210692 12.32583790102651)
1019,spring_images/4/4_56_104.tiff,1,POINT (107.4548720160072 12.32506455641016)
1020,spring_images/4/4_56_107.tiff,1,POINT (107.4704298900538 12.32858630713855)
1021,spring_images/4/4_56_109.tiff,1,POINT (107.4825683678066 12.32601986446565)
1022,spring_images/4/4_57_99.tiff,1,POINT (107.4232786138861 12.32056096129139)
1023,spring_images/4/4_57_101.tiff,1,POINT (107.4371229988808 12.32119404242341)
1024,spring_images/4/4_57_103.tiff,1,POINT (107.4463007798426 12.32242229563762)
1025,spring_images/4/4_57_105.tiff,1,POINT (107.458932075243 12.3208339064501)
1026,spring_images/4/4_57_106.tiff,1,POINT (107.4627267711301 12.32256255912195)
1027,spring_images/4/4_57_108.tiff,1,POINT (107.4741336042214 12.32152764206184)
1028,spring_images/4/4_58_102.tiff,1,POINT (107.4432832194768 12.31293745137234)
1029,spring_images/4/4_59_102.tiff,1,POINT (107.4432832194768 12.30943086426388)
1030,spring_images/4/4_59_103.tiff,1,POINT (107.4467594793454 12.31062879023823)
1031,spring_images/4/4_59_104.tiff,1,POINT (107.4521766825649 12.31067428109801)
1032,spring_images/4/4_59_105.tiff,1,POINT (107.457669703884 12.30715253036962)
1033,spring_images/4/4_59_107.tiff,1,POINT (107.4700432760117 12.31013185627785)
1034,spring_images/4/4_60_102.tiff,1,POINT (107.441129985447 12.30386202484513)
1035,spring_images/4/4_60_105.tiff,1,POINT (107.4572602861459 12.3031910346633)
1036,spring_images/4/4_60_106.tiff,1,POINT (107.4679215756772 12.30373802466828)
1037,spring_images/4/4_60_107.tiff,1,POINT (107.4716311291652 12.30413498795667)
1039,spring_images/4/4_61_105.tiff,1,POINT (107.4565627596292 12.29603001515207)
1042,spring_images/10/4_62_104.tiff,1,POINT (107.4547269240879 12.29106713637955)
1043,spring_images/10/4_62_105.tiff,1,POINT (107.4579582966908 12.28933090550364)
1044,spring_images/10/4_62_110.tiff,1,POINT (107.4886841988603 12.2886981520747)
1045,spring_images/4/4_63_99.tiff,1,POINT (107.4234681591352 12.28463834568078)
1046,spring_images/4/4_63_103.tiff,1,POINT (107.4448147450896 12.28762936971168)
1047,spring_images/10/4_63_105.tiff,1,POINT (107.4588125037767 12.28808406288001)
1048,spring_images/10/4_63_110.tiff,1,POINT (107.4883991017426 12.28831600061913)
1049,spring_images/4/4_64_99.tiff,1,POINT (107.4232710320761 12.2803735775759)
1050,spring_images/4/4_64_102.tiff,1,POINT (107.4437836189344 12.27815968906634)
1052,spring_images/4/4_65_99.tiff,1,POINT (107.4265046740259 12.27328458525932)
1053,spring_images/4/4_65_102.tiff,1,POINT (107.4420246390227 12.27664332707348)
1055,spring_images/4/4_66_99.tiff,1,POINT (107.4265046740259 12.27009643416936)
1056,spring_images/4/4_66_102.tiff,1,POINT (107.4422672569416 12.26900844443949)
1059,spring_images/4/4_67_99.tiff,1,POINT (107.4242301310366 12.26162755243929)
1062,spring_images/4/4_68_102.tiff,1,POINT (107.440280822731 12.25867064655323)
1085,spring_images/4/4_83_81.tiff,1,POINT (107.3168806168621 12.16925140571306)
1087,spring_images/4/4_85_80.tiff,1,POINT (107.3090464586463 12.16093923106371)
1088,spring_images/4/4_85_81.tiff,1,POINT (107.3180690188287 12.1604811319816)
1089,spring_images/4/4_85_82.tiff,1,POINT (107.3239844721934 12.15872840505873)
1090,spring_images/4/4_85_83.tiff,1,POINT (107.3275430389762 12.1570022346044)
1091,spring_images/4/4_86_78.tiff,1,POINT (107.300687810177 12.15376234544395)
1092,spring_images/4/4_86_81.tiff,1,POINT (107.3186798176049 12.15490427359066)
1093,spring_images/4/4_86_82.tiff,1,POINT (107.3251529568087 12.15216895733225)
1094,spring_images/4/4_86_83.tiff,1,POINT (107.3275430389762 12.1570022346044)
1095,spring_images/4/4_87_83.tiff,1,POINT (107.3285588238974 12.14841785615263)
1096,spring_images/4/4_88_78.tiff,1,POINT (107.3007674795826 12.14549664461452)
1097,spring_images/4/4_88_81.tiff,1,POINT (107.3186532611363 12.14329245772667)
1098,spring_images/4/4_88_82.tiff,1,POINT (107.3237521030938 12.14448749881045)
1542,spring_images/4/2_0_157.tiff,1,POINT (108.7033182365875 13.53640801787115)
1543,spring_images/4/2_3_158.tiff,1,POINT (108.7044605983931 13.51962078849159)
1551,spring_images/4/3_1_166.tiff,1,POINT (108.7668780008737 14.43534424282325)
1569,spring_images/4/3_17_144.tiff,1,POINT (108.6351851206563 14.3435210848976)
1596,spring_images/4/3_31_148.tiff,1,POINT (108.6590448299557 14.26322136243412)
1609,spring_images/4/3_39_150.tiff,1,POINT (108.6728079254402 14.21643090197835)
1713,spring_images/4/3_68_138.tiff,1,POINT (108.5990421089701 14.04673390020483)
1714,spring_images/4/3_68_139.tiff,1,POINT (108.601420232205 14.04690031261087)
1724,spring_images/4/3_69_138.tiff,1,POINT (108.5952022551415 14.04407917256527)
1725,spring_images/4/3_69_139.tiff,1,POINT (108.6021983226441 14.04551054413882)
1803,spring_images/9/3_87_146.tiff,1,POINT (108.6454169711869 13.93930246208178)
1881,spring_images/4/3_110_157.tiff,1,POINT (108.7031354575777 13.80775203719859)
1882,spring_images/4/3_110_159.tiff,1,POINT (108.7182472051347 13.80570990915034)
1890,spring_images/4/3_112_157.tiff,1,POINT (108.7061694763922 13.79140042618374)
1892,spring_images/4/3_113_151.tiff,1,POINT (108.671206513153 13.78602482036482)
1898,spring_images/4/3_114_162.tiff,1,POINT (108.7330672201134 13.78387372566308)
1955,spring_images/4/3_121_164.tiff,1,POINT (108.7456367494997 13.74340473128193)
1992,spring_images/4/3_125_167.tiff,1,POINT (108.7637588940015 13.72010483120818)
2010,spring_images/4/3_127_167.tiff,1,POINT (108.7631392158081 13.70877160558129)
2050,spring_images/4/3_143_152.tiff,1,POINT (108.6723606145088 13.61612808956549)
2051,spring_images/4/3_145_154.tiff,1,POINT (108.6878124750995 13.60606495112004)
2052,spring_images/4/3_147_155.tiff,1,POINT (108.6879589285729 13.59367132594015)
2053,spring_images/4/3_152_129.tiff,1,POINT (108.5356450784086 13.56771076378516)
2054,spring_images/4/3_152_155.tiff,1,POINT (108.6887644226761 13.56463692485402)
2056,spring_images/4/3_153_157.tiff,1,POINT (108.7029521029042 13.55634399692714)
2057,spring_images/4/3_157_157.tiff,1,POINT (108.7033182365875 13.53640801787115)
2058,spring_images/4/3_159_158.tiff,1,POINT (108.7044605983931 13.51962078849159)
