path,label,geometry
spring_images/2/0_3_57.tiff,0,POINT (108.0905327530469 11.72308824951068)
spring_images/2/0_14_66.tiff,0,POINT (108.1384726558943 11.65841128164466)
spring_images/2/0_15_60.tiff,0,POINT (108.1065968832552 11.65447302634824)
spring_images/2/0_15_61.tiff,0,POINT (108.1146276870217 11.65235869352196)
spring_images/2/0_15_62.tiff,0,POINT (108.1163447838719 11.6522777946466)
spring_images/2/0_15_66.tiff,0,POINT (108.1396200611075 11.65554701826078)
spring_images/2/0_16_61.tiff,0,POINT (108.1139834112935 11.65025313630624)
spring_images/2/0_16_68.tiff,0,POINT (108.1524266914943 11.64712247795229)
spring_images/2/0_16_69.tiff,0,POINT (108.1566531964539 11.64907583650314)
spring_images/2/0_16_70.tiff,0,POINT (108.1647312827664 11.64516494719886)
spring_images/2/0_17_65.tiff,0,POINT (108.1378063198397 11.64298736753511)
spring_images/2/0_17_66.tiff,0,POINT (108.1404881541451 11.64112681070875)
spring_images/2/0_17_68.tiff,0,POINT (108.1544223215772 11.64012616503474)
spring_images/2/0_17_69.tiff,0,POINT (108.1563269760533 11.64301094909924)
spring_images/2/0_17_70.tiff,0,POINT (108.1638424870811 11.63909946413612)
spring_images/2/0_17_71.tiff,0,POINT (108.1684720841023 11.63857515272033)
spring_images/2/0_18_70.tiff,0,POINT (108.1667306440933 11.63739180935401)
spring_images/2/0_18_71.tiff,0,POINT (108.1676246974233 11.63680441899667)
spring_images/2/0_18_72.tiff,0,POINT (108.1734127791271 11.63758527905937)
spring_images/2/0_19_71.tiff,0,POINT (108.1728407734814 11.63254785255758)
spring_images/2/0_19_72.tiff,0,POINT (108.1740359470679 11.63197287385362)
spring_images/2/0_20_59.tiff,0,POINT (108.0998399972835 11.62356049972427)
spring_images/2/0_20_60.tiff,0,POINT (108.1064572707546 11.62229143357914)
spring_images/2/0_21_58.tiff,0,POINT (108.0962140940117 11.61737002528417)
spring_images/2/0_21_60.tiff,0,POINT (108.1066763357439 11.6208429607617)
spring_images/2/0_21_61.tiff,0,POINT (108.1113069163806 11.62107713368134)
spring_images/2/0_22_60.tiff,0,POINT (108.1035521371794 11.61169398617803)
spring_images/2/0_22_61.tiff,0,POINT (108.1109443260534 11.61556273912213)
spring_images/2/0_23_58.tiff,0,POINT (108.094896949216 11.60726882969113)
spring_images/2/0_23_59.tiff,0,POINT (108.098053793135 11.60890997040399)
spring_images/2/0_23_60.tiff,0,POINT (108.1042559809671 11.61013995484484)
spring_images/2/0_23_61.tiff,0,POINT (108.1097055437588 11.60835595474933)
spring_images/2/0_24_54.tiff,0,POINT (108.0694749168772 11.60118332377962)
spring_images/2/0_24_55.tiff,0,POINT (108.0758796129411 11.60134723965509)
spring_images/2/0_24_70.tiff,0,POINT (108.1648788565189 11.59887640487918)
spring_images/2/0_25_69.tiff,0,POINT (108.1606022044014 11.59343975432078)
spring_images/2/0_25_70.tiff,0,POINT (108.165972291323 11.59774968285319)
spring_images/2/0_27_72.tiff,0,POINT (108.1769418869432 11.58500416244049)
spring_images/2/0_27_73.tiff,0,POINT (108.1798052888527 11.58348878423392)
spring_images/2/0_29_81.tiff,0,POINT (108.229439616471 11.57208773050179)
spring_images/2/0_33_80.tiff,0,POINT (108.2230798934059 11.54818840231028)
spring_images/2/0_33_81.tiff,0,POINT (108.2251567148537 11.54829954718898)
spring_images/2/0_34_80.tiff,0,POINT (108.222633726107 11.54532165833165)
spring_images/2/0_35_85.tiff,0,POINT (108.2534202645465 11.53868351853129)
spring_images/2/1_159_57.tiff,0,POINT (108.0905327530469 11.72308824951068)
spring_images/2/1_170_66.tiff,0,POINT (108.1384726558943 11.65841128164466)
spring_images/2/0_34_110.tiff,0,POINT (108.396896814946 11.54332780702158)
spring_images/2/3_62_38.tiff,0,POINT (108.003979993037 14.0917591514558)
spring_images/2/3_63_38.tiff,0,POINT (108.0049506529435 14.08733531655833)
spring_images/2/3_63_39.tiff,0,POINT (108.010445454083 14.08613587677956)
spring_images/2/3_63_40.tiff,0,POINT (108.0153401200988 14.08844213545369)
spring_images/2/3_64_38.tiff,0,POINT (108.0048515500649 14.08015555176021)
spring_images/2/3_64_39.tiff,0,POINT (108.0106049294168 14.07912509575687)
spring_images/2/3_64_40.tiff,0,POINT (108.0150089020978 14.0835229347711)
spring_images/2/3_65_38.tiff,0,POINT (108.0085930867437 14.07782475841933)
spring_images/2/3_65_39.tiff,0,POINT (108.0095744734135 14.07645081708155)
spring_images/2/3_65_40.tiff,0,POINT (108.0152363289542 14.07734241524937)
spring_images/2/3_66_39.tiff,0,POINT (108.0129798899456 14.0698585758509)
spring_images/2/3_66_40.tiff,0,POINT (108.0148218399167 14.0714527781651)
spring_images/2/3_67_33.tiff,0,POINT (107.9781228717784 14.0652402363765)
spring_images/2/3_67_34.tiff,0,POINT (107.9834009740348 14.06159673007395)
spring_images/2/3_67_36.tiff,0,POINT (107.9945953980553 14.06343329422645)
spring_images/2/3_67_37.tiff,0,POINT (107.9979561488798 14.06621237663904)
spring_images/2/3_67_38.tiff,0,POINT (108.004661493073 14.06175022590488)
spring_images/2/3_67_39.tiff,0,POINT (108.0086092981281 14.0662985497371)
spring_images/2/3_68_32.tiff,0,POINT (107.972697569948 14.05667854163054)
spring_images/2/3_68_33.tiff,0,POINT (107.9750449376508 14.0563026495547)
spring_images/2/3_68_38.tiff,0,POINT (108.0057467355267 14.06041454288487)
spring_images/2/3_69_32.tiff,0,POINT (107.9711235218804 14.05498702728925)
spring_images/2/3_69_33.tiff,0,POINT (107.9764467018503 14.05504184488364)
spring_images/2/3_69_34.tiff,0,POINT (107.9799452390354 14.05330921734654)
spring_images/2/3_73_22.tiff,0,POINT (107.911906980902 14.03080537562456)
spring_images/2/3_73_23.tiff,0,POINT (107.9145241176784 14.0295094504092)
spring_images/2/3_73_24.tiff,0,POINT (107.9227182925219 14.02855813435191)
spring_images/2/3_73_25.tiff,0,POINT (107.9304461704114 14.02835981960474)
spring_images/2/3_74_22.tiff,0,POINT (107.912776966164 14.02594485776426)
spring_images/2/3_74_23.tiff,0,POINT (107.9148338754128 14.02670898762675)
spring_images/2/3_74_24.tiff,0,POINT (107.9217587050356 14.02376659417039)
spring_images/2/3_74_25.tiff,0,POINT (107.9255458769815 14.02109254370861)
spring_images/2/3_74_26.tiff,0,POINT (107.9314746320178 14.02424012736489)
spring_images/2/3_74_27.tiff,0,POINT (107.9381113246634 14.02563475301918)
spring_images/2/3_75_23.tiff,0,POINT (107.9171227405207 14.01762112574262)
spring_images/2/3_75_24.tiff,0,POINT (107.9235656868569 14.01662573624034)
spring_images/2/3_75_25.tiff,0,POINT (107.9255458769815 14.02109254370861)
spring_images/2/3_76_22.tiff,0,POINT (107.9118986384731 14.01278637673157)
spring_images/2/3_76_23.tiff,0,POINT (107.9182061576661 14.01397813559143)
spring_images/2/3_76_24.tiff,0,POINT (107.920427162814 14.01449275873547)
spring_images/2/3_76_25.tiff,0,POINT (107.9260880173984 14.01077528365554)
spring_images/2/3_79_18.tiff,0,POINT (107.8860025035223 13.99583226309424)
spring_images/2/3_80_19.tiff,0,POINT (107.8898464129954 13.99177467119214)
spring_images/2/3_88_15.tiff,0,POINT (107.8662329104661 13.94148810271804)
spring_images/2/3_88_18.tiff,0,POINT (107.8855789271828 13.94562494664405)
spring_images/2/3_90_35.tiff,0,POINT (107.9843912346532 13.93031862572666)
spring_images/2/3_93_42.tiff,0,POINT (108.0286552239146 13.91481505006418)
spring_images/2/3_32_131.tiff,0,POINT (108.5601275802139 14.25645133800843)
spring_images/2/3_52_60.tiff,0,POINT (108.135521712532 14.14909288291238)
spring_images/2/3_52_61.tiff,0,POINT (108.1403311050726 14.14878561616673)
spring_images/2/3_52_62.tiff,0,POINT (108.1477723040867 14.14769014342138)
spring_images/2/3_53_59.tiff,0,POINT (108.1310797041439 14.14115070550859)
spring_images/2/3_53_60.tiff,0,POINT (108.1379531276498 14.14452062014292)
spring_images/2/3_53_61.tiff,0,POINT (108.140264307954 14.14337170970267)
spring_images/2/3_69_72.tiff,0,POINT (108.2079685708395 14.05038393670757)
spring_images/2/3_71_48.tiff,0,POINT (108.0673609382384 14.04007114842832)
spring_images/2/3_71_49.tiff,0,POINT (108.0692429598527 14.03913275622684)
spring_images/2/3_71_50.tiff,0,POINT (108.0756793734369 14.0373091679913)
spring_images/2/3_72_49.tiff,0,POINT (108.0676857399259 14.03635895823229)
spring_images/2/3_72_50.tiff,0,POINT (108.0734437939773 14.03504217777378)
spring_images/2/3_72_81.tiff,0,POINT (108.2590540402632 14.03028880298933)
spring_images/2/3_72_83.tiff,0,POINT (108.2704071650345 14.02831112673525)
spring_images/2/3_73_50.tiff,0,POINT (108.078357952896 14.0302406643317)
spring_images/2/3_73_51.tiff,0,POINT (108.081106935778 14.02808956897958)
spring_images/2/3_73_54.tiff,0,POINT (108.1012043026665 14.02496374931997)
spring_images/2/3_73_55.tiff,0,POINT (108.1036650265149 14.02534087174885)
spring_images/2/3_73_82.tiff,0,POINT (108.2648767420492 14.02468361267053)
spring_images/2/3_74_50.tiff,0,POINT (108.0758418428744 14.02503189416636)
spring_images/2/3_74_51.tiff,0,POINT (108.0807180922577 14.02343969367914)
spring_images/2/3_74_52.tiff,0,POINT (108.0856712438414 14.02229482570975)
spring_images/2/3_74_54.tiff,0,POINT (108.0970327094314 14.01968117460401)
spring_images/2/3_74_55.tiff,0,POINT (108.1045418361621 14.0244640621017)
spring_images/2/3_74_78.tiff,0,POINT (108.2405863623807 14.02134421144818)
spring_images/2/3_75_54.tiff,0,POINT (108.0975253936903 14.01882948010985)
spring_images/2/3_80_57.tiff,0,POINT (108.1149742924992 13.98676901741269)
spring_images/2/3_86_56.tiff,0,POINT (108.1130527418159 13.9506135721733)
spring_images/2/3_86_58.tiff,0,POINT (108.1197221377956 13.95256762148738)
spring_images/2/3_87_56.tiff,0,POINT (108.1084091010319 13.94895821561611)
spring_images/2/3_87_57.tiff,0,POINT (108.1141075607198 13.94911998406146)
spring_images/2/3_89_56.tiff,0,POINT (108.1118357218789 13.93707907163315)
spring_images/2/3_89_57.tiff,0,POINT (108.1135402689215 13.93720373758016)
spring_images/2/1_99_29.tiff,0,POINT (107.9267073637438 12.07345628161395)
spring_images/2/1_121_30.tiff,0,POINT (107.9354076287973 11.94602608472949)
spring_images/2/0_14_38.tiff,0,POINT (107.9764931578306 11.6600250311816)
spring_images/2/0_14_39.tiff,0,POINT (107.9806519316912 11.65785728099585)
spring_images/2/0_15_34.tiff,0,POINT (107.9549055058224 11.65513395712332)
spring_images/2/0_15_37.tiff,0,POINT (107.9724427002185 11.65644774455029)
spring_images/2/0_15_38.tiff,0,POINT (107.9785939229679 11.65630094752916)
spring_images/2/0_15_39.tiff,0,POINT (107.9801787607105 11.65674561423393)
spring_images/2/0_15_40.tiff,0,POINT (107.9861353093545 11.65320855074851)
spring_images/2/0_15_43.tiff,0,POINT (108.0040287433453 11.65337553464974)
spring_images/2/0_16_34.tiff,0,POINT (107.9560548727813 11.64800463057481)
spring_images/2/0_16_36.tiff,0,POINT (107.9665853643245 11.64812779228996)
spring_images/2/0_16_37.tiff,0,POINT (107.9722477664126 11.65022674360969)
spring_images/2/0_16_39.tiff,0,POINT (107.9851327055097 11.65186018285449)
spring_images/2/0_16_40.tiff,0,POINT (107.9882882220749 11.65157820052313)
spring_images/2/0_16_42.tiff,0,POINT (108.0030692147889 11.65019095759039)
spring_images/2/0_16_43.tiff,0,POINT (108.0051620447899 11.6474332574085)
spring_images/2/0_17_28.tiff,0,POINT (107.9202527776913 11.64239438524592)
spring_images/2/0_17_29.tiff,0,POINT (107.9242633961464 11.64165105196203)
spring_images/2/0_17_30.tiff,0,POINT (107.927378846821 11.64371690352377)
spring_images/2/0_17_31.tiff,0,POINT (107.9329806169239 11.64593420739057)
spring_images/2/0_17_36.tiff,0,POINT (107.9625404005681 11.64210139651369)
spring_images/2/0_17_38.tiff,0,POINT (107.9758002160654 11.64120670613666)
spring_images/2/0_18_29.tiff,0,POINT (107.9216701526771 11.64066314968801)
spring_images/2/0_18_37.tiff,0,POINT (107.9715348240594 11.63510740993199)
spring_images/2/0_19_34.tiff,0,POINT (107.9509050575718 11.62915388503185)
spring_images/2/0_19_37.tiff,0,POINT (107.9708424829821 11.63093149473437)
spring_images/2/0_19_38.tiff,0,POINT (107.9745949063218 11.62988765514827)
spring_images/2/0_20_33.tiff,0,POINT (107.9500357982327 11.62910046686018)
spring_images/2/0_20_34.tiff,0,POINT (107.9504072973357 11.62906161728078)
spring_images/2/0_20_37.tiff,0,POINT (107.9709864608561 11.62755701331379)
spring_images/2/0_20_39.tiff,0,POINT (107.9809171778342 11.62487200332422)
spring_images/2/0_20_47.tiff,0,POINT (108.0270200595027 11.62455816098502)
spring_images/2/0_21_29.tiff,0,POINT (107.9226258511875 11.61814311685031)
spring_images/2/0_21_35.tiff,0,POINT (107.961410209067 11.62112777788555)
spring_images/2/0_21_36.tiff,0,POINT (107.9623381765388 11.61769429823979)
spring_images/2/0_21_38.tiff,0,POINT (107.9744244601951 11.6175357047696)
spring_images/2/0_21_48.tiff,0,POINT (108.0380221111921 11.6219699877618)
spring_images/2/0_22_30.tiff,0,POINT (107.9312755424505 11.61422295904257)
spring_images/2/0_22_31.tiff,0,POINT (107.9340347776124 11.61257763733494)
spring_images/2/0_22_35.tiff,0,POINT (107.9604292148825 11.61663376398627)
spring_images/2/0_22_38.tiff,0,POINT (107.9739000334322 11.61669116378015)
spring_images/2/0_22_39.tiff,0,POINT (107.9828286554014 11.61312554892037)
spring_images/2/0_22_41.tiff,0,POINT (107.991766161818 11.61434429979537)
spring_images/2/0_22_42.tiff,0,POINT (107.9980564889147 11.61359732345263)
spring_images/2/0_23_29.tiff,0,POINT (107.9256957557898 11.61064208496584)
spring_images/2/0_23_31.tiff,0,POINT (107.9335110800234 11.60624854621382)
spring_images/2/0_23_38.tiff,0,POINT (107.9743625026029 11.61155015880508)
spring_images/2/0_23_41.tiff,0,POINT (107.9942953975048 11.60936445751045)
spring_images/2/0_24_39.tiff,0,POINT (107.9843978047825 11.60361745327449)
spring_images/2/0_24_52.tiff,0,POINT (108.0608727099514 11.60320951028644)
spring_images/2/0_24_53.tiff,0,POINT (108.0621864659666 11.60331534063211)
spring_images/2/0_25_27.tiff,0,POINT (107.9141562017267 11.60005770128707)
spring_images/2/0_25_28.tiff,0,POINT (107.9162442860432 11.59492714740649)
spring_images/2/0_25_30.tiff,0,POINT (107.9323362995679 11.6001353470374)
spring_images/2/0_25_31.tiff,0,POINT (107.9363362021496 11.6001729743992)
spring_images/2/0_25_33.tiff,0,POINT (107.9489761585951 11.59471426945438)
spring_images/2/0_25_36.tiff,0,POINT (107.9673781741358 11.59491260742351)
spring_images/2/0_25_37.tiff,0,POINT (107.9682200475668 11.59452566537712)
spring_images/2/0_25_52.tiff,0,POINT (108.0592262036563 11.59433494516816)
spring_images/2/0_25_53.tiff,0,POINT (108.065188825967 11.59576174157177)
spring_images/2/0_26_28.tiff,0,POINT (107.9197601776132 11.59205980208894)
spring_images/2/0_26_29.tiff,0,POINT (107.9247426717479 11.59126006018973)
spring_images/2/0_26_30.tiff,0,POINT (107.9272159757376 11.58900076450105)
spring_images/2/0_26_36.tiff,0,POINT (107.9659451564313 11.59000318151658)
spring_images/2/0_26_37.tiff,0,POINT (107.9708944375471 11.58851656399879)
spring_images/2/0_26_39.tiff,0,POINT (107.9802438929742 11.58840985230948)
spring_images/2/0_26_40.tiff,0,POINT (107.9867162802942 11.59049765854615)
spring_images/2/0_26_41.tiff,0,POINT (107.9944669056735 11.58828158371973)
spring_images/2/0_26_46.tiff,0,POINT (108.0252123587449 11.59172825419865)
spring_images/2/0_26_51.tiff,0,POINT (108.0553800568292 11.59061834123703)
spring_images/2/0_26_52.tiff,0,POINT (108.0609558749998 11.59095588258571)
spring_images/2/0_26_53.tiff,0,POINT (108.0636416094066 11.59227867976296)
spring_images/2/0_27_29.tiff,0,POINT (107.9257423346845 11.58339202345575)
spring_images/2/0_27_30.tiff,0,POINT (107.9272475742788 11.58557663168364)
spring_images/2/0_27_31.tiff,0,POINT (107.93367931369 11.58746679896037)
spring_images/2/0_27_36.tiff,0,POINT (107.9659451564313 11.58793596248977)
spring_images/2/0_27_37.tiff,0,POINT (107.9708944375471 11.58851656399879)
spring_images/2/0_27_38.tiff,0,POINT (107.9739971106973 11.58605917431199)
spring_images/2/0_27_39.tiff,0,POINT (107.984563029045 11.58761619835543)
spring_images/2/0_27_40.tiff,0,POINT (107.9902160182707 11.58502933163759)
spring_images/2/0_27_41.tiff,0,POINT (107.9911834462376 11.58562227135922)
spring_images/2/0_28_27.tiff,0,POINT (107.9137567374227 11.58171041703411)
spring_images/2/0_28_28.tiff,0,POINT (107.9167361013422 11.58270740262586)
spring_images/2/0_28_29.tiff,0,POINT (107.9250065013295 11.58021611616144)
spring_images/2/0_28_30.tiff,0,POINT (107.9275987584935 11.58077559612491)
spring_images/2/0_28_37.tiff,0,POINT (107.9698487091971 11.57950861494672)
spring_images/2/0_28_38.tiff,0,POINT (107.9764304873293 11.57980071556253)
spring_images/2/0_28_39.tiff,0,POINT (107.9841831743659 11.58211880230045)
spring_images/2/0_28_40.tiff,0,POINT (107.9861041968561 11.58079572364468)
spring_images/2/0_28_52.tiff,0,POINT (108.0556305921492 11.57730025809939)
spring_images/2/0_29_37.tiff,0,POINT (107.9705621572697 11.576675459584)
spring_images/2/0_29_39.tiff,0,POINT (107.9846539662889 11.57664748133727)
spring_images/2/0_29_40.tiff,0,POINT (107.9874662071697 11.57607861251984)
spring_images/2/0_29_41.tiff,0,POINT (107.9912030203948 11.57312640165918)
spring_images/2/0_29_52.tiff,0,POINT (108.0557737735473 11.57526840844628)
spring_images/2/0_30_34.tiff,0,POINT (107.954781821735 11.56593194886805)
spring_images/2/0_30_43.tiff,0,POINT (108.0040500150072 11.56507480822179)
spring_images/2/0_30_44.tiff,0,POINT (108.009298681223 11.56929730082208)
spring_images/2/0_31_32.tiff,0,POINT (107.942646493446 11.56032925685531)
spring_images/2/0_31_33.tiff,0,POINT (107.9439027777772 11.56103758738247)
spring_images/2/0_31_35.tiff,0,POINT (107.9562318738673 11.56549791965838)
spring_images/2/0_31_43.tiff,0,POINT (108.0033467288114 11.56402467951648)
spring_images/2/0_32_28.tiff,0,POINT (107.9198053767821 11.55460506133659)
spring_images/2/0_32_29.tiff,0,POINT (107.9222410361328 11.5557845944813)
spring_images/2/0_32_30.tiff,0,POINT (107.9312857138945 11.55476371580712)
spring_images/2/0_32_31.tiff,0,POINT (107.9346836137786 11.5542694178418)
spring_images/2/0_32_32.tiff,0,POINT (107.9418134254676 11.55986594632182)
spring_images/2/0_33_28.tiff,0,POINT (107.919629212741 11.55386210864155)
spring_images/2/0_37_30.tiff,0,POINT (107.9261371377827 11.53021437627369)
spring_images/2/0_37_47.tiff,0,POINT (108.0270426865973 11.52894387904797)
spring_images/2/0_43_38.tiff,0,POINT (107.9758012722671 11.49197061582583)
spring_images/2/0_43_39.tiff,0,POINT (107.9817240377611 11.49368079475353)
spring_images/2/0_43_40.tiff,0,POINT (107.984443682006 11.49282950578067)
spring_images/2/1_170_38.tiff,0,POINT (107.9764931578306 11.6600250311816)
spring_images/2/1_170_39.tiff,0,POINT (107.9841365794257 11.65950055250418)
spring_images/2/1_9_44.tiff,0,POINT (108.0212760498328 12.59437437881098)
spring_images/2/2_165_44.tiff,0,POINT (108.0212760498328 12.59437437881098)
spring_images/2/4_44_153.tiff,0,POINT (107.7416534542163 12.39426556726085)
spring_images/2/4_78_120.tiff,0,POINT (107.5458641322183 12.19785996775651)
spring_images/2/3_107_24.tiff,0,POINT (107.920986638723 13.83292670283431)
spring_images/2/3_109_28.tiff,0,POINT (107.9405540730197 13.82197457731286)
spring_images/2/3_113_46.tiff,0,POINT (108.0518178406381 13.79482753436152)
spring_images/2/3_114_38.tiff,0,POINT (107.9995146488572 13.78912963272796)
spring_images/2/3_115_37.tiff,0,POINT (107.997479454111 13.78435068259298)
spring_images/2/3_115_38.tiff,0,POINT (108.0017538231823 13.78488133623441)
spring_images/2/3_115_47.tiff,0,POINT (108.053172411204 13.78656198772414)
spring_images/2/3_116_37.tiff,0,POINT (107.995726456677 13.78113301976141)
spring_images/2/3_116_39.tiff,0,POINT (108.0077433692836 13.77821597264004)
spring_images/2/3_117_5.tiff,0,POINT (107.8064054155835 13.7782608271632)
spring_images/2/3_118_37.tiff,0,POINT (107.9980510992636 13.76983561637124)
spring_images/2/3_119_40.tiff,0,POINT (108.0142640539979 13.76203006767383)
spring_images/2/3_121_38.tiff,0,POINT (108.0002742520765 13.75346543486008)
spring_images/2/3_121_40.tiff,0,POINT (108.0105869761515 13.75050855708842)
spring_images/2/3_133_29.tiff,0,POINT (107.947735376962 13.68474652278325)
spring_images/2/3_133_30.tiff,0,POINT (107.9539754856294 13.68147094137935)
spring_images/2/3_135_31.tiff,0,POINT (107.9566389445117 13.6683733654191)
spring_images/2/3_136_33.tiff,0,POINT (107.9726285822646 13.66385095813789)
spring_images/2/3_137_36.tiff,0,POINT (107.9873306690291 13.65685741531611)
spring_images/2/3_138_36.tiff,0,POINT (107.9866356057858 13.65321970114576)
spring_images/2/1_67_44.tiff,0,POINT (108.0165307970321 12.25739836400204)
spring_images/2/1_75_70.tiff,0,POINT (108.1728754169844 12.20850639736924)
spring_images/2/1_75_71.tiff,0,POINT (108.1787647903165 12.20950203074416)
spring_images/2/1_79_71.tiff,0,POINT (108.1785941306839 12.1835203588104)
spring_images/2/1_79_72.tiff,0,POINT (108.1811661073574 12.18526919639315)
spring_images/2/1_80_72.tiff,0,POINT (108.185237848782 12.18271986270436)
spring_images/2/1_80_73.tiff,0,POINT (108.1877579650911 12.17872110324443)
spring_images/2/1_80_74.tiff,0,POINT (108.1943358563155 12.18077627172561)
spring_images/2/1_80_75.tiff,0,POINT (108.2010176375989 12.17715910638462)
spring_images/2/1_80_76.tiff,0,POINT (108.2057270183023 12.17713980564404)
spring_images/2/1_81_73.tiff,0,POINT (108.1855598782279 12.17512550984289)
spring_images/2/1_81_75.tiff,0,POINT (108.2010176375989 12.17715910638462)
spring_images/2/1_81_76.tiff,0,POINT (108.2057270183023 12.17713980564404)
spring_images/2/1_86_73.tiff,0,POINT (108.1879913140488 12.14304695616893)
spring_images/2/1_88_74.tiff,0,POINT (108.1915165349313 12.13391220548853)
spring_images/2/1_88_76.tiff,0,POINT (108.205676973103 12.13390988314839)
spring_images/17/0_0_115.tiff,1,POINT (108.4277534180868 11.7380222804429)
spring_images/8/0_0_116.tiff,1,POINT (108.4381290361026 11.73620131276371)
spring_images/18/0_6_115.tiff,1,POINT (108.4275914607735 11.7005441489426)
spring_images/18/0_7_115.tiff,1,POINT (108.4310031311237 11.69871616454407)
spring_images/18/0_7_116.tiff,1,POINT (108.4328639317315 11.69641295281852)
spring_images/8/1_141_140.tiff,1,POINT (108.5767088745498 11.82090961145476)
spring_images/8/1_141_141.tiff,1,POINT (108.5817167782237 11.82419003304703)
spring_images/8/1_142_140.tiff,1,POINT (108.5763108522382 11.81908914875114)
spring_images/8/1_143_137.tiff,1,POINT (108.5575080712824 11.81072427932514)
spring_images/8/1_143_138.tiff,1,POINT (108.5657354906606 11.81062316615038)
spring_images/8/1_144_136.tiff,1,POINT (108.5563230958308 11.80821596302487)
spring_images/8/1_145_135.tiff,1,POINT (108.549816374339 11.79818624565444)
spring_images/8/1_145_136.tiff,1,POINT (108.5523761341843 11.79920802089416)
spring_images/8/1_145_137.tiff,1,POINT (108.5573750276314 11.79965504756154)
spring_images/8/1_146_135.tiff,1,POINT (108.5472849971392 11.79230394236468)
spring_images/8/1_147_134.tiff,1,POINT (108.5391711083432 11.78680657870516)
spring_images/8/1_148_132.tiff,1,POINT (108.5319956207656 11.7806475446213)
spring_images/8/1_148_133.tiff,1,POINT (108.5352294684427 11.78069721425101)
spring_images/8/1_148_134.tiff,1,POINT (108.5400385529477 11.78274253864579)
spring_images/8/1_149_132.tiff,1,POINT (108.5280025373201 11.77724517498627)
spring_images/8/1_149_133.tiff,1,POINT (108.5357758343695 11.77981025657764)
spring_images/8/1_150_131.tiff,1,POINT (108.5243500456212 11.77238109910553)
spring_images/8/1_150_132.tiff,1,POINT (108.5310022246408 11.77016865305048)
spring_images/8/1_150_133.tiff,1,POINT (108.5375796253714 11.77206649360006)
spring_images/8/1_151_126.tiff,1,POINT (108.4963428298685 11.76377552116502)
spring_images/8/1_151_132.tiff,1,POINT (108.5280291389637 11.76430229607693)
spring_images/8/1_151_133.tiff,1,POINT (108.5333487674302 11.76316095043446)
spring_images/8/1_151_134.tiff,1,POINT (108.5413262147704 11.76752679705286)
spring_images/8/1_152_127.tiff,1,POINT (108.502879627639 11.75931788800893)
spring_images/8/1_152_128.tiff,1,POINT (108.5058387457995 11.75926999938057)
spring_images/8/1_152_129.tiff,1,POINT (108.5113239891057 11.75871528943546)
spring_images/8/1_152_130.tiff,1,POINT (108.5151929912049 11.76038939606838)
spring_images/8/1_152_131.tiff,1,POINT (108.5220310882622 11.75797102033643)
spring_images/8/1_152_132.tiff,1,POINT (108.529553593633 11.75926401330203)
spring_images/8/1_152_133.tiff,1,POINT (108.5327421781377 11.75926600866154)
spring_images/8/1_153_126.tiff,1,POINT (108.49140132203 11.75295767955546)
spring_images/8/1_153_127.tiff,1,POINT (108.4973744307376 11.75597765618113)
spring_images/8/1_153_131.tiff,1,POINT (108.5252515985191 11.75720480228274)
spring_images/8/1_154_124.tiff,1,POINT (108.4849313688033 11.74768294667806)
spring_images/8/1_154_125.tiff,1,POINT (108.4855429464946 11.74656454767001)
spring_images/8/1_154_126.tiff,1,POINT (108.4914142918669 11.74718011608033)
spring_images/8/1_155_124.tiff,1,POINT (108.4797025291947 11.74239125324478)
spring_images/8/1_155_125.tiff,1,POINT (108.4856227608752 11.7456536660515)
spring_images/8/1_155_126.tiff,1,POINT (108.4929896282038 11.74571153147743)
spring_images/17/1_156_115.tiff,1,POINT (108.4277534180868 11.7380222804429)
spring_images/8/1_156_116.tiff,1,POINT (108.4381290361026 11.73620131276371)
spring_images/18/1_162_115.tiff,1,POINT (108.426813595072 11.7010108683635)
spring_images/18/1_163_115.tiff,1,POINT (108.4275914607735 11.7005441489426)
spring_images/18/1_163_116.tiff,1,POINT (108.4328639317315 11.69641295281852)
spring_images/27/0_27_132.tiff,1,POINT (108.5288075052578 11.57956697043643)
spring_images/27/0_28_127.tiff,1,POINT (108.4960865735315 11.57580744287944)
spring_images/27/0_28_128.tiff,1,POINT (108.5014533108328 11.57117543003292)
spring_images/27/0_28_132.tiff,1,POINT (108.5281833643306 11.57501523998129)
spring_images/27/0_28_133.tiff,1,POINT (108.5301963593929 11.5759205254702)
spring_images/4/0_29_127.tiff,1,POINT (108.4971386789582 11.56653841906085)
spring_images/4/0_29_129.tiff,1,POINT (108.5091291821347 11.56668336470158)
spring_images/27/0_29_134.tiff,1,POINT (108.5387319082884 11.56527639236139)
spring_images/27/0_30_133.tiff,1,POINT (108.5323555496272 11.56444420445853)
spring_images/27/0_30_134.tiff,1,POINT (108.5374871407414 11.559763147505)
spring_images/27/0_31_130.tiff,1,POINT (108.5152282229239 11.55500899296536)
spring_images/27/0_31_131.tiff,1,POINT (108.5228022574182 11.55820841807836)
spring_images/27/0_31_134.tiff,1,POINT (108.5399837044499 11.55733405849127)
spring_images/27/0_32_128.tiff,1,POINT (108.503459511568 11.55087616790726)
spring_images/27/0_32_129.tiff,1,POINT (108.5107657558671 11.54851455358834)
spring_images/27/0_32_134.tiff,1,POINT (108.5377935883137 11.55132318776051)
spring_images/27/0_33_108.tiff,1,POINT (108.3837696613512 11.54697866818074)
spring_images/27/0_33_113.tiff,1,POINT (108.4141333553377 11.54872103031053)
spring_images/27/0_33_131.tiff,1,POINT (108.5233448664225 11.54319529847957)
spring_images/27/0_33_132.tiff,1,POINT (108.524252963357 11.54476408513427)
spring_images/27/0_33_133.tiff,1,POINT (108.5299587922383 11.54578885706194)
spring_images/27/0_34_122.tiff,1,POINT (108.4693552705025 11.54156114571433)
spring_images/27/0_34_123.tiff,1,POINT (108.475541153723 11.54226470998017)
spring_images/27/0_34_130.tiff,1,POINT (108.5156147966965 11.5399073128296)
spring_images/27/0_35_121.tiff,1,POINT (108.4637956367934 11.5315327191958)
spring_images/27/0_35_124.tiff,1,POINT (108.4819688212665 11.5342092154239)
spring_images/27/0_35_131.tiff,1,POINT (108.5225084613513 11.53272688072187)
spring_images/27/0_35_132.tiff,1,POINT (108.5293704972429 11.53262145151122)
spring_images/27/0_35_133.tiff,1,POINT (108.5311023477434 11.53251461657775)
spring_images/27/0_36_123.tiff,1,POINT (108.4741417566667 11.53036315781882)
spring_images/27/0_36_132.tiff,1,POINT (108.5252411864918 11.52823700207033)
spring_images/27/0_36_134.tiff,1,POINT (108.5393173918387 11.52800505780688)
spring_images/27/0_36_135.tiff,1,POINT (108.5428316988608 11.52724034459885)
spring_images/27/0_37_133.tiff,1,POINT (108.533534248203 11.5212126051944)
spring_images/27/0_37_135.tiff,1,POINT (108.542882304882 11.51898031737389)
spring_images/27/0_37_136.tiff,1,POINT (108.5509567766961 11.52111139315215)
spring_images/27/0_38_133.tiff,1,POINT (108.534189315032 11.51853048607507)
spring_images/27/0_38_135.tiff,1,POINT (108.5452889023308 11.51697856809405)
spring_images/6/3_0_26.tiff,1,POINT (107.9393340876733 14.44945798784038)
spring_images/6/3_1_26.tiff,1,POINT (107.941845675736 14.44326731073892)
spring_images/6/3_1_27.tiff,1,POINT (107.9433854049884 14.44431031215495)
spring_images/6/3_2_26.tiff,1,POINT (107.9410313469812 14.43992614907735)
spring_images/6/3_2_27.tiff,1,POINT (107.9432329565476 14.43819204806288)
spring_images/4/3_3_79.tiff,1,POINT (108.2558543343621 14.42935311073897)
spring_images/10/3_4_14.tiff,1,POINT (107.8705738446009 14.42802519650328)
spring_images/10/3_5_14.tiff,1,POINT (107.8658124348514 14.42265738079512)
spring_images/10/3_5_15.tiff,1,POINT (107.8757020925229 14.4218488395169)
spring_images/10/3_7_14.tiff,1,POINT (107.865400677719 14.41435485970676)
spring_images/10/3_7_16.tiff,1,POINT (107.8778282566249 14.41408534594735)
spring_images/10/3_8_13.tiff,1,POINT (107.8630873512841 14.40635928484439)
spring_images/10/3_10_14.tiff,1,POINT (107.8652434613593 14.39420121969787)
spring_images/4/3_10_96.tiff,1,POINT (108.355011111852 14.3860342893351)
spring_images/10/3_12_14.tiff,1,POINT (107.8697428438427 14.38330837192189)
spring_images/10/3_14_15.tiff,1,POINT (107.8739352801001 14.37222087531967)
spring_images/10/3_14_25.tiff,1,POINT (107.9310497376142 14.37007973823106)
spring_images/10/3_16_23.tiff,1,POINT (107.920082024905 14.35654415831424)
spring_images/10/3_17_34.tiff,1,POINT (107.983881920951 14.35459018355855)
spring_images/10/3_19_36.tiff,1,POINT (107.9947223632738 14.34323317319692)
spring_images/10/3_19_37.tiff,1,POINT (108.0022687485371 14.34089738728207)
spring_images/6/3_25_21.tiff,1,POINT (107.9076074284976 14.30529223318697)
spring_images/6/3_25_22.tiff,1,POINT (107.9154416636443 14.30456124978585)
spring_images/6/3_26_19.tiff,1,POINT (107.8982436900387 14.29991712154724)
spring_images/6/3_26_20.tiff,1,POINT (107.9048384315923 14.30063221400485)
spring_images/6/3_26_21.tiff,1,POINT (107.9108809628591 14.30363957506271)
spring_images/6/3_26_26.tiff,1,POINT (107.9355079525522 14.30019124032266)
spring_images/6/3_27_19.tiff,1,POINT (107.8973379062591 14.29729114313345)
spring_images/6/3_27_20.tiff,1,POINT (107.9015331153438 14.29676674199786)
spring_images/6/3_27_21.tiff,1,POINT (107.9061097070725 14.29338197103183)
spring_images/6/3_27_23.tiff,1,POINT (107.9198951005609 14.29499092906146)
spring_images/6/3_27_24.tiff,1,POINT (107.9232679533194 14.29599205850212)
spring_images/6/3_27_26.tiff,1,POINT (107.9376055570945 14.29654824152471)
spring_images/6/3_29_17.tiff,1,POINT (107.8831955405253 14.28311620049853)
spring_images/6/3_29_19.tiff,1,POINT (107.8932120667003 14.285197613879)
spring_images/6/3_29_20.tiff,1,POINT (107.8994808817657 14.28521346970548)
spring_images/6/3_30_17.tiff,1,POINT (107.8860531665225 14.2804158750149)
spring_images/6/3_30_18.tiff,1,POINT (107.8914958841681 14.28144910992705)
spring_images/6/3_30_20.tiff,1,POINT (107.9014398084693 14.27660559685827)
spring_images/6/3_30_21.tiff,1,POINT (107.9088835229814 14.28099748294489)
spring_images/6/3_30_22.tiff,1,POINT (107.9118190983654 14.27828772105191)
spring_images/6/3_31_20.tiff,1,POINT (107.8988900799007 14.27400200078473)
spring_images/6/3_31_22.tiff,1,POINT (107.912361050744 14.27404242741958)
spring_images/6/3_31_25.tiff,1,POINT (107.9287216030572 14.27083645452929)
spring_images/6/3_32_22.tiff,1,POINT (107.9124881804113 14.26435392054163)
spring_images/6/3_32_23.tiff,1,POINT (107.9196322451569 14.26753899887644)
spring_images/6/3_32_24.tiff,1,POINT (107.9271274752289 14.26578966658976)
spring_images/6/3_32_25.tiff,1,POINT (107.9304774539985 14.26381561779755)
spring_images/6/3_32_26.tiff,1,POINT (107.9349748967605 14.26614135018474)
spring_images/6/3_33_24.tiff,1,POINT (107.9271274752289 14.26312765280884)
spring_images/6/3_33_25.tiff,1,POINT (107.9340404965519 14.25849415726925)
spring_images/6/3_33_26.tiff,1,POINT (107.9347798022114 14.26153609201408)
spring_images/4/3_33_90.tiff,1,POINT (108.3168572920626 14.25841400404508)
spring_images/6/3_34_25.tiff,1,POINT (107.9296868076682 14.25607087760754)
spring_images/4/3_47_80.tiff,1,POINT (108.2539112061584 14.17741788330082)
spring_images/6/3_52_15.tiff,1,POINT (107.8719754987484 14.14988553477177)
spring_images/6/3_53_8.tiff,1,POINT (107.8310356831052 14.1452952872888)
spring_images/6/3_53_9.tiff,1,POINT (107.8323617941171 14.1464296714074)
spring_images/18/3_53_10.tiff,1,POINT (107.8385741272898 14.14416857196121)
spring_images/6/3_53_14.tiff,1,POINT (107.86577803859 14.14425889331224)
spring_images/6/3_53_15.tiff,1,POINT (107.8709154068792 14.14629753152222)
spring_images/6/3_53_16.tiff,1,POINT (107.8768682304523 14.14866235184578)
spring_images/18/3_54_9.tiff,1,POINT (107.8376279114476 14.13812357645093)
spring_images/18/3_54_10.tiff,1,POINT (107.8383992652948 14.13896029926825)
spring_images/6/3_54_14.tiff,1,POINT (107.86577803859 14.13908075225891)
spring_images/6/3_54_16.tiff,1,POINT (107.8765828211029 14.14258720998007)
spring_images/6/3_54_17.tiff,1,POINT (107.881108597929 14.14148634534668)
spring_images/18/3_55_9.tiff,1,POINT (107.8361538411717 14.13669526445418)
spring_images/6/3_55_11.tiff,1,POINT (107.8479603406349 14.13219015510921)
spring_images/6/3_55_12.tiff,1,POINT (107.8528122995746 14.13333179250679)
spring_images/6/3_55_13.tiff,1,POINT (107.8584797137983 14.13602279494396)
spring_images/6/3_55_16.tiff,1,POINT (107.8764197300461 14.13700134128474)
spring_images/6/3_55_17.tiff,1,POINT (107.8795184601253 14.13651206811435)
spring_images/8/3_55_45.tiff,1,POINT (108.0495319420527 14.13049491378541)
spring_images/8/3_55_46.tiff,1,POINT (108.0566816168664 14.13282818096354)
spring_images/8/3_55_47.tiff,1,POINT (108.0577357266436 14.12944063434458)
spring_images/18/3_56_9.tiff,1,POINT (107.8355197621617 14.12842445551189)
spring_images/6/3_56_12.tiff,1,POINT (107.8504067064869 14.13145624535362)
spring_images/6/3_56_13.tiff,1,POINT (107.8585204865625 14.12774592381147)
spring_images/6/3_56_14.tiff,1,POINT (107.8643102190789 14.12717510511268)
spring_images/6/3_56_15.tiff,1,POINT (107.8676943585074 14.12864292462386)
spring_images/8/3_56_45.tiff,1,POINT (108.0488702133329 14.12499429380186)
spring_images/8/3_56_46.tiff,1,POINT (108.0546193279669 14.12685754852358)
spring_images/18/3_57_9.tiff,1,POINT (107.8343235100089 14.12557273419114)
spring_images/6/3_57_13.tiff,1,POINT (107.8592543963181 14.12269010105074)
spring_images/6/3_57_15.tiff,1,POINT (107.8703140086072 14.12263913509549)
spring_images/8/3_57_45.tiff,1,POINT (108.04989136496 14.12266195227201)
spring_images/8/3_57_46.tiff,1,POINT (108.0546622519314 14.12335729432529)
spring_images/6/3_58_15.tiff,1,POINT (107.868030733812 14.11570776518158)
spring_images/8/3_58_47.tiff,1,POINT (108.0595868013163 14.11622801403514)
spring_images/6/3_61_62.tiff,1,POINT (108.150751828377 14.09514602889075)
spring_images/6/3_61_63.tiff,1,POINT (108.1519618059293 14.09749467353108)
spring_images/17/3_62_36.tiff,1,POINT (107.9965370963775 14.09083488471786)
spring_images/17/3_63_36.tiff,1,POINT (107.9955227333839 14.08467351343191)
spring_images/17/3_63_37.tiff,1,POINT (107.9983253287104 14.08400749443934)
spring_images/17/3_64_37.tiff,1,POINT (107.9985338733778 14.08001754425976)
spring_images/17/3_65_36.tiff,1,POINT (107.9965220307046 14.07402495190704)
spring_images/17/3_65_37.tiff,1,POINT (107.9975524867079 14.07599079208006)
spring_images/17/3_66_37.tiff,1,POINT (108.0020914000559 14.07149481439885)
spring_images/18/3_77_25.tiff,1,POINT (107.9250858565389 14.00583219292995)
spring_images/11/1_110_18.tiff,1,POINT (107.8645918738042 12.01215966854169)
spring_images/10/1_117_0.tiff,1,POINT (107.7599806842101 11.97196228841197)
spring_images/11/4_114_140.tiff,1,POINT (107.661476158535 11.98778626605428)
spring_images/10/4_117_157.tiff,1,POINT (107.7599806842101 11.97196228841197)
spring_images/4/4_129_135.tiff,1,POINT (107.630722997095 11.90236276714344)
spring_images/4/4_130_131.tiff,1,POINT (107.6106118312506 11.89759410967122)
spring_images/4/4_130_135.tiff,1,POINT (107.6330832328735 11.89438533574777)
spring_images/4/4_130_138.tiff,1,POINT (107.6503989459726 11.89751260097377)
spring_images/4/4_131_132.tiff,1,POINT (107.6159821872153 11.88880338598279)
spring_images/4/4_131_137.tiff,1,POINT (107.6460154613415 11.89308357364519)
spring_images/4/4_132_133.tiff,1,POINT (107.6198796458332 11.88784236821179)
spring_images/4/4_132_137.tiff,1,POINT (107.6409070887757 11.88270742907247)
spring_images/4/4_144_149.tiff,1,POINT (107.7117108061721 11.81596958061561)
spring_images/4/4_146_154.tiff,1,POINT (107.7398355547892 11.8024379750949)
spring_images/4/4_147_149.tiff,1,POINT (107.7102354827564 11.79892610214186)
spring_images/4/4_149_151.tiff,1,POINT (107.7247846707047 11.78387521805742)
spring_images/4/4_150_149.tiff,1,POINT (107.7121332461446 11.77772513062263)
spring_images/4/4_157_133.tiff,1,POINT (107.6175509229467 11.73819144919174)
spring_images/4/4_158_132.tiff,1,POINT (107.6129679000331 11.73607241709188)
spring_images/4/4_158_133.tiff,1,POINT (107.6193824894517 11.73488148819854)
spring_images/4/4_161_89.tiff,1,POINT (107.3589894689543 11.72106153706267)
spring_images/4/4_162_89.tiff,1,POINT (107.3586464600316 11.71254634055674)
spring_images/4/4_163_86.tiff,1,POINT (107.3424650141034 11.70950642397934)
spring_images/4/4_164_85.tiff,1,POINT (107.3351632116615 11.70219604631438)
spring_images/4/4_164_87.tiff,1,POINT (107.3509673477748 11.70521881244564)
spring_images/4/4_165_108.tiff,1,POINT (107.4699947831323 11.69583199932056)
spring_images/4/4_165_111.tiff,1,POINT (107.4865801382538 11.69553096054353)
spring_images/4/4_165_113.tiff,1,POINT (107.4984617624844 11.69737482305279)
spring_images/4/4_166_106.tiff,1,POINT (107.4573135246503 11.69010285509537)
spring_images/4/4_166_111.tiff,1,POINT (107.4906065318965 11.68740291356396)
spring_images/4/4_167_105.tiff,1,POINT (107.4507659312501 11.68513571527452)
spring_images/4/4_167_107.tiff,1,POINT (107.4655544611713 11.68490993619175)
spring_images/4/4_168_105.tiff,1,POINT (107.4538892085617 11.67854108456539)
spring_images/10/4_168_107.tiff,1,POINT (107.4631458562448 11.67660101341542)
spring_images/4/4_168_111.tiff,1,POINT (107.4912368318359 11.67862575172143)
spring_images/10/4_169_106.tiff,1,POINT (107.4595958826251 11.67030925941705)
spring_images/4/4_170_105.tiff,1,POINT (107.4506154118616 11.66981096003177)
spring_images/4/4_170_111.tiff,1,POINT (107.4911992019888 11.66815524675816)
spring_images/4/4_170_140.tiff,1,POINT (107.6570845781573 11.66405306383888)
spring_images/6/0_14_2.tiff,1,POINT (107.7676172467531 11.66001100380804)
spring_images/6/0_14_3.tiff,1,POINT (107.7692066254826 11.66043371091694)
spring_images/6/0_14_4.tiff,1,POINT (107.7766005900844 11.6631588844961)
spring_images/6/0_15_2.tiff,1,POINT (107.7678116920232 11.65776959936309)
spring_images/6/0_15_3.tiff,1,POINT (107.7740204935418 11.6576560802801)
spring_images/6/0_15_4.tiff,1,POINT (107.7748376834024 11.65780288085387)
spring_images/17/0_16_1.tiff,1,POINT (107.760752588973 11.64849448871278)
spring_images/6/0_16_4.tiff,1,POINT (107.7749074258968 11.65135847880575)
spring_images/6/0_16_5.tiff,1,POINT (107.7859721100728 11.64864165186343)
spring_images/6/0_16_6.tiff,1,POINT (107.7868826196353 11.64843153427206)
spring_images/17/0_17_3.tiff,1,POINT (107.7743644235957 11.64612326323982)
spring_images/17/0_17_4.tiff,1,POINT (107.7748160321255 11.6464181912593)
spring_images/6/0_17_5.tiff,1,POINT (107.7849461146553 11.64806881074717)
spring_images/6/0_17_6.tiff,1,POINT (107.7865354422202 11.64790468884221)
spring_images/17/0_18_3.tiff,1,POINT (107.7721850789473 11.63897874126818)
spring_images/17/0_18_4.tiff,1,POINT (107.774984089675 11.64032086105648)
spring_images/17/0_19_0.tiff,1,POINT (107.7521484062228 11.63675914849572)
spring_images/17/0_19_3.tiff,1,POINT (107.7736371345414 11.63610445313349)
spring_images/10/0_20_0.tiff,1,POINT (107.7526015144916 11.62572035041845)
spring_images/17/0_20_2.tiff,1,POINT (107.7631794576282 11.62568092113761)
spring_images/8/0_20_4.tiff,1,POINT (107.7753131488964 11.62859647739521)
spring_images/17/0_20_11.tiff,1,POINT (107.8159578465266 11.62807829033468)
spring_images/17/0_21_0.tiff,1,POINT (107.75278441507 11.62078432463075)
spring_images/17/0_21_3.tiff,1,POINT (107.7712467701305 11.61945412779027)
spring_images/8/0_21_4.tiff,1,POINT (107.775790766184 11.62482459168029)
spring_images/17/0_21_8.tiff,1,POINT (107.7980011214545 11.62123605638607)
spring_images/17/0_21_9.tiff,1,POINT (107.8057566771188 11.62477687631542)
spring_images/17/0_22_8.tiff,1,POINT (107.798060043055 11.61867849066486)
spring_images/17/0_23_13.tiff,1,POINT (107.8277408517833 11.60917478675504)
spring_images/17/0_24_9.tiff,1,POINT (107.8047069434934 11.60242793978064)
spring_images/17/0_24_13.tiff,1,POINT (107.827977781049 11.60652079683544)
spring_images/17/0_25_9.tiff,1,POINT (107.80413019595 11.60143020213223)
spring_images/10/0_26_7.tiff,1,POINT (107.7923146084608 11.59216494971099)
spring_images/17/0_26_14.tiff,1,POINT (107.8358000731615 11.59551957051002)
spring_images/4/0_55_0.tiff,1,POINT (107.7511550264896 11.42412123548224)
spring_images/4/0_56_0.tiff,1,POINT (107.7519948778741 11.42240501743582)
spring_images/6/1_170_4.tiff,1,POINT (107.7766005900844 11.6631588844961)
spring_images/6/4_170_160.tiff,1,POINT (107.7766005900844 11.6631588844961)
spring_images/4/1_131_49.tiff,1,POINT (108.0417170323216 11.88792297123259)
spring_images/4/1_73_138.tiff,1,POINT (108.5717174153642 12.21454362738058)
spring_images/4/1_74_137.tiff,1,POINT (108.5675720976688 12.21175004371633)
spring_images/4/1_74_138.tiff,1,POINT (108.5699666213401 12.20755232449245)
spring_images/4/1_74_139.tiff,1,POINT (108.5766681412531 12.20888324112539)
spring_images/13/1_75_140.tiff,1,POINT (108.583487013516 12.20640427326562)
spring_images/4/1_75_141.tiff,1,POINT (108.5892843255432 12.20326791267123)
spring_images/4/1_76_139.tiff,1,POINT (108.5773665371691 12.20011386659869)
spring_images/4/1_76_140.tiff,1,POINT (108.5820750773774 12.20009133769817)
spring_images/4/1_76_142.tiff,1,POINT (108.595141839678 12.19570886793809)
spring_images/4/1_77_142.tiff,1,POINT (108.5931517104492 12.19483886608947)
spring_images/4/1_80_116.tiff,1,POINT (108.4402872346005 12.17877764494515)
spring_images/27/1_87_138.tiff,1,POINT (108.5672475926893 12.13640646534073)
spring_images/27/1_88_132.tiff,1,POINT (108.5350134708831 12.12710599768461)
spring_images/27/1_88_136.tiff,1,POINT (108.5569873225771 12.13033376435653)
spring_images/27/1_89_139.tiff,1,POINT (108.573697682919 12.12447697356567)
spring_images/27/1_90_138.tiff,1,POINT (108.5699854790906 12.11829903904185)
spring_images/27/1_91_133.tiff,1,POINT (108.5396909202818 12.11451788910128)
spring_images/27/1_91_139.tiff,1,POINT (108.5739045212555 12.11322877824103)
spring_images/27/1_92_131.tiff,1,POINT (108.5295812429935 12.10759424794331)
spring_images/27/1_92_138.tiff,1,POINT (108.5716129702118 12.10342300815764)
spring_images/10/1_93_140.tiff,1,POINT (108.5798241463942 12.1003435166126)
spring_images/10/1_93_141.tiff,1,POINT (108.5839118304532 12.09922459205781)
spring_images/27/1_94_138.tiff,1,POINT (108.5696153473306 12.09399553450543)
spring_images/27/1_97_135.tiff,1,POINT (108.5497824538564 12.07909773116474)
spring_images/27/1_98_133.tiff,1,POINT (108.5422763994878 12.07253877865267)
spring_images/11/1_99_109.tiff,1,POINT (108.397763580365 12.0650870326093)
spring_images/27/1_99_137.tiff,1,POINT (108.5633194786676 12.06335624513578)
spring_images/27/1_100_131.tiff,1,POINT (108.5280589854119 12.06109190966273)
spring_images/27/1_101_133.tiff,1,POINT (108.5406325790242 12.05687893933548)
spring_images/4/1_102_75.tiff,1,POINT (108.1964482276924 12.05185850814359)
spring_images/4/1_103_80.tiff,1,POINT (108.2265583333067 12.04656070358303)
spring_images/4/1_103_81.tiff,1,POINT (108.2340413649842 12.04866741295168)
spring_images/27/1_103_104.tiff,1,POINT (108.3690902278276 12.04248073899235)
spring_images/4/1_104_73.tiff,1,POINT (108.1885962029438 12.04244057695893)
spring_images/4/1_104_81.tiff,1,POINT (108.2342436090836 12.03885014729377)
spring_images/4/1_104_82.tiff,1,POINT (108.241486475893 12.04114224708686)
spring_images/27/1_104_105.tiff,1,POINT (108.3748654281974 12.03901693172066)
spring_images/27/1_104_106.tiff,1,POINT (108.3814160579207 12.04099808172993)
spring_images/27/1_104_107.tiff,1,POINT (108.3839040137463 12.03640062896756)
spring_images/27/1_104_115.tiff,1,POINT (108.4326872102517 12.03641218156281)
spring_images/4/1_105_80.tiff,1,POINT (108.2270639435552 12.0338277521589)
spring_images/27/1_105_102.tiff,1,POINT (108.3586369464976 12.03225156771475)
spring_images/27/1_105_103.tiff,1,POINT (108.3613519776565 12.03140250342507)
spring_images/27/1_105_104.tiff,1,POINT (108.3660317040904 12.03184678125107)
spring_images/27/1_105_105.tiff,1,POINT (108.3747864454727 12.03184678125107)
spring_images/27/1_105_106.tiff,1,POINT (108.3776816559722 12.03365104286666)
spring_images/27/1_105_107.tiff,1,POINT (108.3847506098259 12.03199240564959)
spring_images/27/1_105_111.tiff,1,POINT (108.4073883647972 12.0310003222948)
spring_images/27/1_105_112.tiff,1,POINT (108.4135943706793 12.03093645735732)
spring_images/27/1_105_115.tiff,1,POINT (108.4336798935193 12.03204159844951)
spring_images/4/1_106_81.tiff,1,POINT (108.2332113214929 12.02981657752099)
spring_images/27/1_106_103.tiff,1,POINT (108.3610039600262 12.0273274884766)
spring_images/27/1_106_104.tiff,1,POINT (108.3676212314234 12.02561701884651)
spring_images/27/1_106_105.tiff,1,POINT (108.3743372312264 12.02639203683187)
spring_images/27/1_106_106.tiff,1,POINT (108.3784887606894 12.02641671893331)
spring_images/27/1_106_107.tiff,1,POINT (108.3866412587965 12.03051641598322)
spring_images/27/1_106_111.tiff,1,POINT (108.4104066772777 12.02937593149349)
spring_images/27/1_106_112.tiff,1,POINT (108.4151437895975 12.02731836981182)
spring_images/27/1_106_113.tiff,1,POINT (108.4186147101131 12.02794313550463)
spring_images/27/1_106_115.tiff,1,POINT (108.4339020324323 12.02908437417018)
spring_images/27/1_106_116.tiff,1,POINT (108.4384336662576 12.02463604243733)
spring_images/27/1_106_117.tiff,1,POINT (108.4449492782495 12.0246957422702)
spring_images/27/1_106_118.tiff,1,POINT (108.4502459029563 12.02810696295298)
spring_images/27/1_106_121.tiff,1,POINT (108.4686450212151 12.02420240876758)
spring_images/27/1_107_103.tiff,1,POINT (108.362813158062 12.02445202365833)
spring_images/27/1_107_104.tiff,1,POINT (108.3712248182343 12.02361283220923)
spring_images/27/1_107_105.tiff,1,POINT (108.3731944499295 12.02041896828233)
spring_images/27/1_107_106.tiff,1,POINT (108.3791625820587 12.01966369597813)
spring_images/27/1_107_116.tiff,1,POINT (108.4390209460088 12.02197731732234)
spring_images/27/1_107_117.tiff,1,POINT (108.4456554948771 12.02089624127907)
spring_images/27/1_107_119.tiff,1,POINT (108.4592929729777 12.01847862944258)
spring_images/27/1_107_120.tiff,1,POINT (108.4608405407383 12.01953749159455)
spring_images/27/1_107_121.tiff,1,POINT (108.4669530631611 12.02031127547484)
spring_images/27/1_107_122.tiff,1,POINT (108.4723825084263 12.01900065588813)
spring_images/27/1_108_104.tiff,1,POINT (108.3710298296328 12.01398845811934)
spring_images/27/1_108_105.tiff,1,POINT (108.3768202506316 12.01342241525954)
spring_images/27/1_108_106.tiff,1,POINT (108.3791823277399 12.01602061780494)
spring_images/27/1_108_116.tiff,1,POINT (108.4413015721823 12.01441718964987)
spring_images/27/1_108_117.tiff,1,POINT (108.4422345556169 12.01569819071484)
spring_images/27/1_108_119.tiff,1,POINT (108.4586339608692 12.01494662072586)
spring_images/27/1_108_120.tiff,1,POINT (108.4607368759123 12.0159536504648)
spring_images/27/1_108_121.tiff,1,POINT (108.4663643950416 12.01755305063841)
spring_images/27/1_108_122.tiff,1,POINT (108.4720659604754 12.01230686997637)
spring_images/27/1_109_104.tiff,1,POINT (108.3711989020276 12.01175513930697)
spring_images/27/1_109_105.tiff,1,POINT (108.3718110181434 12.01162185595917)
spring_images/27/1_109_106.tiff,1,POINT (108.3774981856846 12.0100261581008)
spring_images/27/1_109_117.tiff,1,POINT (108.4474529689147 12.00742351620555)
spring_images/27/1_109_118.tiff,1,POINT (108.4511849026532 12.00903772564003)
spring_images/27/1_109_119.tiff,1,POINT (108.454607693071 12.00776227804788)
spring_images/27/1_109_120.tiff,1,POINT (108.4622529739935 12.00801866337664)
spring_images/27/1_109_122.tiff,1,POINT (108.47505002654 12.00806401673804)
spring_images/27/1_110_104.tiff,1,POINT (108.3711647584541 12.00612638607259)
spring_images/27/1_110_105.tiff,1,POINT (108.3732923555985 12.00720252569556)
spring_images/27/1_110_106.tiff,1,POINT (108.3827838577092 12.00542664849667)
spring_images/27/1_110_107.tiff,1,POINT (108.3845148957572 12.00322829599469)
spring_images/27/1_110_108.tiff,1,POINT (108.3900041951185 12.00207317364709)
spring_images/27/1_110_116.tiff,1,POINT (108.4397021720086 12.00391187022253)
spring_images/27/1_110_117.tiff,1,POINT (108.442767689008 12.00396370263556)
spring_images/27/1_110_118.tiff,1,POINT (108.4519716446367 12.00111291991871)
spring_images/27/1_110_119.tiff,1,POINT (108.4541782245059 12.00314919328789)
spring_images/27/1_110_120.tiff,1,POINT (108.4609645682981 12.00564177700752)
spring_images/27/1_110_121.tiff,1,POINT (108.4661718746503 12.00441353393439)
spring_images/27/1_111_100.tiff,1,POINT (108.3470519908164 11.99666902753583)
spring_images/27/1_111_101.tiff,1,POINT (108.3510669459847 11.99986782788302)
spring_images/27/1_111_102.tiff,1,POINT (108.354450039356 11.99684015677251)
spring_images/27/1_111_103.tiff,1,POINT (108.3651986831669 11.9991787858844)
spring_images/27/1_111_104.tiff,1,POINT (108.3693189486347 11.99787886187499)
spring_images/27/1_111_105.tiff,1,POINT (108.3731907476146 11.99834123990871)
spring_images/27/1_111_106.tiff,1,POINT (108.3809343455743 12.00165522339597)
spring_images/27/1_111_107.tiff,1,POINT (108.3864335177762 11.99720586324226)
spring_images/27/1_111_108.tiff,1,POINT (108.3890958937853 12.00002291375378)
spring_images/27/1_111_116.tiff,1,POINT (108.4374289504656 11.99757998562319)
spring_images/27/1_111_117.tiff,1,POINT (108.4458258013771 11.99551039141706)
spring_images/27/1_111_118.tiff,1,POINT (108.4523048530062 11.99715884726728)
spring_images/27/1_111_119.tiff,1,POINT (108.454437386571 11.99529288039807)
spring_images/27/1_111_120.tiff,1,POINT (108.4625898846782 11.99602593881098)
spring_images/27/1_111_121.tiff,1,POINT (108.4684913751336 11.99534471281111)
spring_images/27/1_112_100.tiff,1,POINT (108.3456895388167 11.9955402327631)
spring_images/27/1_112_101.tiff,1,POINT (108.3532652984867 11.99560276075343)
spring_images/27/1_112_102.tiff,1,POINT (108.3564509350464 11.99607665710116)
spring_images/27/1_112_103.tiff,1,POINT (108.3602289420408 11.99572781673408)
spring_images/27/1_112_104.tiff,1,POINT (108.3667927355516 11.99375324861853)
spring_images/27/1_112_105.tiff,1,POINT (108.374712810537 11.99447273187567)
spring_images/27/1_112_107.tiff,1,POINT (108.3861077140371 11.99547153424744)
spring_images/27/1_112_108.tiff,1,POINT (108.3898626844035 11.99274992119484)
spring_images/27/1_112_116.tiff,1,POINT (108.4398632227206 11.99465885891722)
spring_images/27/1_112_117.tiff,1,POINT (108.4469735190942 11.99155354202922)
spring_images/27/1_112_118.tiff,1,POINT (108.4482026877461 11.98945062698614)
spring_images/27/1_112_119.tiff,1,POINT (108.4538633734493 11.9895812878606)
spring_images/27/1_112_120.tiff,1,POINT (108.4605374136799 11.99280970672952)
spring_images/27/1_112_121.tiff,1,POINT (108.4660612679832 11.98968988910695)
spring_images/27/1_112_122.tiff,1,POINT (108.47133475322 11.98929142743177)
spring_images/27/1_113_102.tiff,1,POINT (108.3570087505391 11.98895175715088)
spring_images/27/1_113_103.tiff,1,POINT (108.363722282132 11.98868848140214)
spring_images/27/1_113_104.tiff,1,POINT (108.3653216823056 11.98670074949916)
spring_images/27/1_113_105.tiff,1,POINT (108.3743783680623 11.98921503289963)
spring_images/27/1_113_107.tiff,1,POINT (108.3865552828099 11.98865598330193)
spring_images/27/1_113_108.tiff,1,POINT (108.389102475679 11.98489114009494)
spring_images/27/1_113_118.tiff,1,POINT (108.4527378696234 11.98861374948398)
spring_images/27/1_113_119.tiff,1,POINT (108.454011466058 11.98575062571643)
spring_images/27/1_113_120.tiff,1,POINT (108.4595674070931 11.98492130710789)
spring_images/27/1_113_121.tiff,1,POINT (108.4688231951348 11.98332931156474)
spring_images/27/1_113_122.tiff,1,POINT (108.4711963791887 11.98367732919511)
spring_images/27/1_114_103.tiff,1,POINT (108.3606686948151 11.9791122374101)
spring_images/27/1_114_104.tiff,1,POINT (108.3683625172036 11.98373889732584)
spring_images/27/1_114_106.tiff,1,POINT (108.3806924609802 11.98012749451619)
spring_images/27/1_114_107.tiff,1,POINT (108.3881875924521 11.98382487331255)
spring_images/27/1_114_119.tiff,1,POINT (108.4547519291013 11.98341569891979)
spring_images/27/1_114_120.tiff,1,POINT (108.4642674962607 11.98258514620619)
spring_images/27/1_114_121.tiff,1,POINT (108.4658613429615 11.98086356963045)
spring_images/27/1_114_122.tiff,1,POINT (108.4739434970795 11.98308125644523)
spring_images/27/1_115_104.tiff,1,POINT (108.3695476694413 11.97366242941118)
spring_images/27/1_115_105.tiff,1,POINT (108.375530199463 11.97563658615836)
spring_images/27/1_115_106.tiff,1,POINT (108.3778918652029 11.97769713026061)
spring_images/27/1_115_109.tiff,1,POINT (108.399157963808 11.97531667869918)
spring_images/27/1_115_111.tiff,1,POINT (108.4074783002049 11.97454248345055)
spring_images/27/1_115_112.tiff,1,POINT (108.4142017046383 11.97242969556691)
spring_images/27/1_115_113.tiff,1,POINT (108.42243318547 11.97260987490745)
spring_images/4/1_116_103.tiff,1,POINT (108.359641370904 11.97263400851768)
spring_images/27/1_116_105.tiff,1,POINT (108.3729143080783 11.97053932084175)
spring_images/27/1_116_106.tiff,1,POINT (108.3825107091199 11.97273438239687)
spring_images/27/1_116_107.tiff,1,POINT (108.3837678508201 11.97109219991411)
spring_images/27/1_116_109.tiff,1,POINT (108.399039489721 11.97059087900928)
spring_images/27/1_116_110.tiff,1,POINT (108.4022185443871 11.97229558948238)
spring_images/27/1_116_111.tiff,1,POINT (108.4075794968208 11.96830531641555)
spring_images/27/1_116_112.tiff,1,POINT (108.4127281831821 11.9697467511399)
spring_images/27/1_116_113.tiff,1,POINT (108.420399380311 11.97020090180648)
spring_images/4/1_117_104.tiff,1,POINT (108.3674145873855 11.96490686529217)
spring_images/4/1_117_105.tiff,1,POINT (108.37352916665 11.96603236911803)
spring_images/27/1_117_107.tiff,1,POINT (108.385571289699 11.96518824124861)
spring_images/27/1_117_109.tiff,1,POINT (108.3949225152001 11.96485475863361)
spring_images/27/1_117_110.tiff,1,POINT (108.400816601025 11.96247375858095)
spring_images/27/1_117_111.tiff,1,POINT (108.4067995424152 11.96556560315523)
spring_images/27/1_118_109.tiff,1,POINT (108.3987112177718 11.95732178127281)
spring_images/27/1_118_110.tiff,1,POINT (108.4016903474162 11.95936792748254)
spring_images/27/1_119_104.tiff,1,POINT (108.370185564641 11.9502999976574)
spring_images/27/1_119_108.tiff,1,POINT (108.391533936917 11.9523272209227)
spring_images/27/1_119_109.tiff,1,POINT (108.3954531803812 11.95412544913576)
spring_images/27/1_120_102.tiff,1,POINT (108.3573360626292 11.94473336104499)
spring_images/27/1_120_103.tiff,1,POINT (108.3631281291014 11.94439110257163)
spring_images/27/1_120_104.tiff,1,POINT (108.3688626040036 11.94905931069147)
spring_images/27/1_120_107.tiff,1,POINT (108.3847414225995 11.94917449383154)
spring_images/27/1_120_109.tiff,1,POINT (108.3974030663951 11.94416128478263)
spring_images/27/1_120_110.tiff,1,POINT (108.4037340254155 11.94478821015931)
spring_images/27/1_121_103.tiff,1,POINT (108.3645103267823 11.94270613777969)
spring_images/27/1_121_104.tiff,1,POINT (108.3665869142505 11.94323927117089)
spring_images/27/1_121_105.tiff,1,POINT (108.3757272449067 11.94152194540152)
spring_images/27/1_121_106.tiff,1,POINT (108.3765302359404 11.93850414713159)
spring_images/4/1_121_108.tiff,1,POINT (108.3893591695343 11.94058238007319)
spring_images/27/1_121_109.tiff,1,POINT (108.3988445011195 11.94197609606809)
spring_images/27/1_121_110.tiff,1,POINT (108.4016804745753 11.94086540150308)
spring_images/4/1_122_104.tiff,1,POINT (108.3668820024856 11.93786405796745)
spring_images/4/1_122_107.tiff,1,POINT (108.3832050989075 11.93705448504007)
spring_images/27/1_122_108.tiff,1,POINT (108.3936546779224 11.93327812351908)
spring_images/27/1_122_109.tiff,1,POINT (108.3952343324149 11.93596353615624)
spring_images/27/1_122_110.tiff,1,POINT (108.4025336525487 11.93316623132587)
spring_images/4/1_123_106.tiff,1,POINT (108.3764652397398 11.92793856223995)
spring_images/27/1_123_107.tiff,1,POINT (108.3860418951003 11.92668471148658)
spring_images/27/1_123_108.tiff,1,POINT (108.3888161633027 11.92734619180529)
spring_images/27/1_123_109.tiff,1,POINT (108.3996112917377 11.92878269010935)
spring_images/27/1_123_111.tiff,1,POINT (108.4058772545577 11.92658433760737)
spring_images/27/1_124_105.tiff,1,POINT (108.3753956820105 11.92130401337169)
spring_images/27/1_124_106.tiff,1,POINT (108.3763368928122 11.92232420689806)
spring_images/27/1_124_107.tiff,1,POINT (108.3838073421828 11.92069683367615)
spring_images/27/1_124_108.tiff,1,POINT (108.388783253834 11.92246900855987)
spring_images/27/1_124_109.tiff,1,POINT (108.3957510110718 11.92201979431359)
spring_images/27/1_124_111.tiff,1,POINT (108.4083355918616 11.92579121941429)
spring_images/27/1_125_105.tiff,1,POINT (108.3744610531025 11.91557447488973)
spring_images/27/1_125_106.tiff,1,POINT (108.3761657635756 11.91953348396141)
spring_images/27/1_125_107.tiff,1,POINT (108.3824745087048 11.91960094837202)
spring_images/4/1_125_108.tiff,1,POINT (108.3921145147923 11.91930147220785)
spring_images/27/1_126_105.tiff,1,POINT (108.3754944104163 11.91240364759084)
spring_images/27/1_126_106.tiff,1,POINT (108.3775808707251 11.91416101321368)
spring_images/27/1_126_107.tiff,1,POINT (108.3864483270374 11.9144901078996)
spring_images/27/1_126_110.tiff,1,POINT (108.4030700768868 11.91434530623782)
spring_images/4/1_127_107.tiff,1,POINT (108.3865980651195 11.90742773593966)
spring_images/27/1_127_109.tiff,1,POINT (108.3936538551857 11.90767126600723)
spring_images/4/1_128_107.tiff,1,POINT (108.3869666511677 11.90031929072367)
spring_images/4/1_128_109.tiff,1,POINT (108.3936538551857 11.90037194587342)
spring_images/4/1_128_110.tiff,1,POINT (108.4012361967494 11.90147770401813)
spring_images/4/1_129_107.tiff,1,POINT (108.3832807906853 11.89463253455089)
spring_images/4/1_129_108.tiff,1,POINT (108.3926007521907 11.8956329823961)
spring_images/4/1_129_109.tiff,1,POINT (108.3982348532138 11.89726529203829)
spring_images/4/1_129_110.tiff,1,POINT (108.4016047827976 11.89426394850265)
spring_images/4/1_130_107.tiff,1,POINT (108.3820433946663 11.8878400202334)
spring_images/4/1_130_108.tiff,1,POINT (108.3920742006932 11.88705019298717)
spring_images/4/1_130_109.tiff,1,POINT (108.3962339575233 11.891683846165)
spring_images/4/1_130_110.tiff,1,POINT (108.399235301059 11.88752408933491)
spring_images/4/1_131_107.tiff,1,POINT (108.3839126524823 11.88229806572242)
spring_images/4/1_131_108.tiff,1,POINT (108.3913370285968 11.88067891986766)
spring_images/4/1_131_109.tiff,1,POINT (108.3956020957264 11.88310105675607)
spring_images/4/1_131_110.tiff,1,POINT (108.4009202658509 11.8824691949591)
spring_images/4/1_132_108.tiff,1,POINT (108.3926534073405 11.87554504276724)
spring_images/4/1_132_109.tiff,1,POINT (108.3972870605183 11.87770390390691)
spring_images/4/1_132_110.tiff,1,POINT (108.4020260239956 11.87796717965564)
spring_images/4/1_133_109.tiff,1,POINT (108.3949175787797 11.87127997563765)
spring_images/4/1_133_110.tiff,1,POINT (108.3999198180057 11.87307025072908)
spring_images/4/1_134_110.tiff,1,POINT (108.4010782313002 11.86569852976436)
spring_images/4/1_134_111.tiff,1,POINT (108.4059751602267 11.86606711581259)
spring_images/4/1_134_112.tiff,1,POINT (108.4112933303513 11.8645401164699)
spring_images/4/1_135_110.tiff,1,POINT (108.400077783455 11.86122284203578)
spring_images/9/1_147_77.tiff,1,POINT (108.2064369959272 11.79118675041032)
spring_images/15/4_94_148.tiff,1,POINT (107.7095688135798 12.10461833313313)
spring_images/18/4_100_110.tiff,1,POINT (107.4858270108549 12.07097596097082)
spring_images/18/4_100_111.tiff,1,POINT (107.4950048756865 12.07000001186413)
spring_images/18/4_101_110.tiff,1,POINT (107.4865072178081 12.06885647553711)
spring_images/18/4_101_111.tiff,1,POINT (107.492461493166 12.06762421656402)
spring_images/6/4_104_111.tiff,1,POINT (107.4928057498199 12.04923506837189)
spring_images/11/4_104_145.tiff,1,POINT (107.6891684601703 12.04395320904974)
spring_images/6/4_105_111.tiff,1,POINT (107.4903316645878 12.04093590385407)
spring_images/11/4_105_144.tiff,1,POINT (107.6885601217595 12.04197804986386)
spring_images/11/4_105_145.tiff,1,POINT (107.6900621098916 12.04003764357429)
spring_images/6/4_106_110.tiff,1,POINT (107.4886335129183 12.03937007569128)
spring_images/6/4_106_111.tiff,1,POINT (107.4904419341767 12.03921569826678)
spring_images/11/4_107_111.tiff,1,POINT (107.4947179182619 12.03165190499899)
spring_images/6/4_111_132.tiff,1,POINT (107.6173090819283 12.00461204773799)
spring_images/6/4_112_132.tiff,1,POINT (107.6159291156949 12.003735991755)
spring_images/11/4_113_142.tiff,1,POINT (107.6718029633975 11.99423755276165)
spring_images/11/4_114_120.tiff,1,POINT (107.5436224090477 11.9930874496655)
spring_images/15/4_51_129.tiff,1,POINT (107.60345387445 12.35349899060975)
spring_images/4/4_55_105.tiff,1,POINT (107.4603536646113 12.33123994062604)
spring_images/4/4_55_106.tiff,1,POINT (107.4648913778749 12.32993586931219)
spring_images/4/4_55_110.tiff,1,POINT (107.489486769399 12.33080019564811)
spring_images/4/4_56_99.tiff,1,POINT (107.4267662464697 12.32416990283437)
spring_images/4/4_56_101.tiff,1,POINT (107.4339992931756 12.32420023007423)
spring_images/4/4_56_102.tiff,1,POINT (107.4404172953103 12.32467030229201)
spring_images/4/4_56_103.tiff,1,POINT (107.4502016210692 12.32583790102651)
spring_images/4/4_56_104.tiff,1,POINT (107.4548720160072 12.32506455641016)
spring_images/4/4_56_107.tiff,1,POINT (107.4704298900538 12.32858630713855)
spring_images/4/4_56_109.tiff,1,POINT (107.4825683678066 12.32601986446565)
spring_images/4/4_57_99.tiff,1,POINT (107.4232786138861 12.32056096129139)
spring_images/4/4_57_101.tiff,1,POINT (107.4371229988808 12.32119404242341)
spring_images/4/4_57_103.tiff,1,POINT (107.4463007798426 12.32242229563762)
spring_images/4/4_57_105.tiff,1,POINT (107.458932075243 12.3208339064501)
spring_images/4/4_57_106.tiff,1,POINT (107.4627267711301 12.32256255912195)
spring_images/4/4_57_108.tiff,1,POINT (107.4741336042214 12.32152764206184)
spring_images/4/4_58_102.tiff,1,POINT (107.4432832194768 12.31293745137234)
spring_images/4/4_59_102.tiff,1,POINT (107.4432832194768 12.30943086426388)
spring_images/4/4_59_103.tiff,1,POINT (107.4467594793454 12.31062879023823)
spring_images/4/4_59_104.tiff,1,POINT (107.4521766825649 12.31067428109801)
spring_images/4/4_59_105.tiff,1,POINT (107.457669703884 12.30715253036962)
spring_images/4/4_59_107.tiff,1,POINT (107.4700432760117 12.31013185627785)
spring_images/4/4_60_102.tiff,1,POINT (107.441129985447 12.30386202484513)
spring_images/4/4_60_105.tiff,1,POINT (107.4572602861459 12.3031910346633)
spring_images/4/4_60_106.tiff,1,POINT (107.4679215756772 12.30373802466828)
spring_images/4/4_60_107.tiff,1,POINT (107.4716311291652 12.30413498795667)
spring_images/8/4_60_108.tiff,1,POINT (107.4762208436355 12.30387631362299)
spring_images/4/4_61_105.tiff,1,POINT (107.4565627596292 12.29603001515207)
spring_images/25/4_61_114.tiff,1,POINT (107.5125318092671 12.29426328060142)
spring_images/25/4_61_115.tiff,1,POINT (107.5171428432328 12.29439488210173)
spring_images/10/4_62_104.tiff,1,POINT (107.4547269240879 12.29106713637955)
spring_images/10/4_62_105.tiff,1,POINT (107.4579582966908 12.28933090550364)
spring_images/10/4_62_110.tiff,1,POINT (107.4886841988603 12.2886981520747)
spring_images/4/4_63_99.tiff,1,POINT (107.4234681591352 12.28463834568078)
spring_images/4/4_63_103.tiff,1,POINT (107.4448147450896 12.28762936971168)
spring_images/10/4_63_105.tiff,1,POINT (107.4588125037767 12.28808406288001)
spring_images/10/4_63_110.tiff,1,POINT (107.4883991017426 12.28831600061913)
spring_images/4/4_64_99.tiff,1,POINT (107.4232710320761 12.2803735775759)
spring_images/4/4_64_102.tiff,1,POINT (107.4437836189344 12.27815968906634)
spring_images/4/4_64_145.tiff,1,POINT (107.6968365553083 12.28057274239992)
spring_images/4/4_65_99.tiff,1,POINT (107.4265046740259 12.27328458525932)
spring_images/4/4_65_102.tiff,1,POINT (107.4420246390227 12.27664332707348)
spring_images/4/4_65_145.tiff,1,POINT (107.6965611363973 12.27455221354222)
spring_images/4/4_66_99.tiff,1,POINT (107.4265046740259 12.27009643416936)
spring_images/4/4_66_102.tiff,1,POINT (107.4422672569416 12.26900844443949)
spring_images/4/4_66_144.tiff,1,POINT (107.6863677163513 12.2676269931192)
spring_images/4/4_66_145.tiff,1,POINT (107.6928999121251 12.26746726117621)
spring_images/4/4_67_99.tiff,1,POINT (107.4242301310366 12.26162755243929)
spring_images/4/4_67_143.tiff,1,POINT (107.6835808142933 12.26173372511734)
spring_images/4/4_67_144.tiff,1,POINT (107.6859894038547 12.26353701468424)
spring_images/4/4_68_102.tiff,1,POINT (107.440280822731 12.25867064655323)
spring_images/4/4_68_143.tiff,1,POINT (107.6841455995682 12.25411239789272)
spring_images/4/4_68_144.tiff,1,POINT (107.6863207498825 12.25223896197694)
spring_images/4/4_68_145.tiff,1,POINT (107.6932080523064 12.25241423252407)
spring_images/4/4_69_144.tiff,1,POINT (107.6897776016721 12.2493832001128)
spring_images/4/4_69_145.tiff,1,POINT (107.6943009787772 12.24801729927034)
spring_images/6/4_74_109.tiff,1,POINT (107.484464627895 12.22042123426236)
spring_images/6/4_74_110.tiff,1,POINT (107.4853962793317 12.2206952493908)
spring_images/15/4_78_119.tiff,1,POINT (107.5394253613421 12.19887537173586)
spring_images/4/4_78_145.tiff,1,POINT (107.6940510184342 12.19506622728547)
spring_images/4/4_79_144.tiff,1,POINT (107.6852962191033 12.18922321537667)
spring_images/4/4_79_145.tiff,1,POINT (107.6931810967685 12.19286583718996)
spring_images/4/4_80_143.tiff,1,POINT (107.6831277036212 12.18506345812807)
spring_images/4/4_80_144.tiff,1,POINT (107.6876737250469 12.18574655179374)
spring_images/4/4_81_143.tiff,1,POINT (107.6826716754694 12.18143212412101)
spring_images/4/4_81_144.tiff,1,POINT (107.6875202094589 12.18245556137474)
spring_images/4/4_81_145.tiff,1,POINT (107.6910126890872 12.17821789149603)
spring_images/4/4_81_146.tiff,1,POINT (107.6961746507357 12.17821789149603)
spring_images/4/4_83_81.tiff,1,POINT (107.3168806168621 12.16925140571306)
spring_images/9/4_83_154.tiff,1,POINT (107.7433000709868 12.16976121249322)
spring_images/4/4_85_80.tiff,1,POINT (107.3090464586463 12.16093923106371)
spring_images/4/4_85_81.tiff,1,POINT (107.3180690188287 12.1604811319816)
spring_images/4/4_85_82.tiff,1,POINT (107.3239844721934 12.15872840505873)
spring_images/4/4_85_83.tiff,1,POINT (107.3275430389762 12.1570022346044)
spring_images/4/4_86_78.tiff,1,POINT (107.300687810177 12.15376234544395)
spring_images/4/4_86_81.tiff,1,POINT (107.3186798176049 12.15490427359066)
spring_images/4/4_86_82.tiff,1,POINT (107.3251529568087 12.15216895733225)
spring_images/4/4_86_83.tiff,1,POINT (107.3275430389762 12.1570022346044)
spring_images/4/4_87_83.tiff,1,POINT (107.3285588238974 12.14841785615263)
spring_images/4/4_88_78.tiff,1,POINT (107.3007674795826 12.14549664461452)
spring_images/4/4_88_81.tiff,1,POINT (107.3186532611363 12.14329245772667)
spring_images/4/4_88_82.tiff,1,POINT (107.3237521030938 12.14448749881045)
spring_images/11/4_88_108.tiff,1,POINT (107.473657566911 12.13928158958613)
spring_images/11/4_89_108.tiff,1,POINT (107.47376432989 12.13765613653681)
spring_images/11/4_90_106.tiff,1,POINT (107.4647139432673 12.13009302531683)
spring_images/11/4_90_108.tiff,1,POINT (107.4744532377773 12.12782096085479)
spring_images/11/4_91_108.tiff,1,POINT (107.4746982424532 12.1257816572288)
spring_images/4/2_0_157.tiff,1,POINT (108.7033182365875 13.53640801787115)
spring_images/4/2_3_158.tiff,1,POINT (108.7044605983931 13.51962078849159)
spring_images/4/3_0_121.tiff,1,POINT (108.4999796174613 14.44677623396824)
spring_images/4/3_0_135.tiff,1,POINT (108.5867682577019 14.44441900268084)
spring_images/4/3_1_166.tiff,1,POINT (108.7668780008737 14.43534424282325)
spring_images/4/3_4_124.tiff,1,POINT (108.517722717989 14.4207654059695)
spring_images/4/3_17_144.tiff,1,POINT (108.6351851206563 14.3435210848976)
spring_images/4/3_21_99.tiff,1,POINT (108.370588557759 14.32707062220702)
spring_images/4/3_31_148.tiff,1,POINT (108.6590448299557 14.26322136243412)
spring_images/4/3_32_102.tiff,1,POINT (108.3876610353873 14.25990273196647)
spring_images/4/3_39_150.tiff,1,POINT (108.6728079254402 14.21643090197835)
spring_images/4/3_49_104.tiff,1,POINT (108.3952381353623 14.16176752126229)
spring_images/8/3_63_144.tiff,1,POINT (108.6341557658864 14.07572140271029)
spring_images/8/3_63_145.tiff,1,POINT (108.6388624871433 14.07592267697457)
spring_images/8/3_63_146.tiff,1,POINT (108.6422764083182 14.07774188667092)
spring_images/8/3_64_143.tiff,1,POINT (108.6258261078725 14.07110709343525)
spring_images/8/3_64_144.tiff,1,POINT (108.6357726133409 14.07030944372693)
spring_images/8/3_64_145.tiff,1,POINT (108.6406178927445 14.06943943499424)
spring_images/18/3_64_147.tiff,1,POINT (108.6491331881462 14.07091297407241)
spring_images/8/3_65_138.tiff,1,POINT (108.6003365313196 14.06423885806935)
spring_images/8/3_65_139.tiff,1,POINT (108.6038828883458 14.06509387017428)
spring_images/8/3_65_140.tiff,1,POINT (108.6098647343981 14.06432954117139)
spring_images/8/3_65_141.tiff,1,POINT (108.6175206414769 14.0650340295766)
spring_images/8/3_65_142.tiff,1,POINT (108.623799954704 14.06835192407837)
spring_images/8/3_65_143.tiff,1,POINT (108.6265839826486 14.06887392931798)
spring_images/8/3_65_144.tiff,1,POINT (108.6342199823718 14.06779311077698)
spring_images/8/3_66_138.tiff,1,POINT (108.5976063222118 14.05978567002283)
spring_images/8/3_66_139.tiff,1,POINT (108.606289229232 14.06166410570791)
spring_images/8/3_66_140.tiff,1,POINT (108.6117302153543 14.06047227065255)
spring_images/8/3_66_141.tiff,1,POINT (108.6133301243688 14.06078966150968)
spring_images/8/3_66_142.tiff,1,POINT (108.6231437412352 14.0625142306142)
spring_images/8/3_66_143.tiff,1,POINT (108.6263254228743 14.06092338979463)
spring_images/8/3_66_144.tiff,1,POINT (108.6308831237625 14.06103805806538)
spring_images/8/3_66_145.tiff,1,POINT (108.6391643985397 14.06112901855023)
spring_images/8/3_66_146.tiff,1,POINT (108.6444865545663 14.06282049650194)
spring_images/8/3_67_136.tiff,1,POINT (108.5862239735649 14.05552518356814)
spring_images/8/3_67_137.tiff,1,POINT (108.5924390047367 14.05672511532904)
spring_images/8/3_67_144.tiff,1,POINT (108.632719751424 14.05308965995591)
spring_images/8/3_67_145.tiff,1,POINT (108.6377593493488 14.05405732468801)
spring_images/8/3_68_136.tiff,1,POINT (108.5871243272208 14.05090844206973)
spring_images/8/3_68_137.tiff,1,POINT (108.5917085073031 14.05231923755172)
spring_images/4/3_68_138.tiff,1,POINT (108.5990421089701 14.04673390020483)
spring_images/4/3_68_139.tiff,1,POINT (108.601420232205 14.04690031261087)
spring_images/8/3_68_143.tiff,1,POINT (108.6295729057152 14.04685402842224)
spring_images/8/3_68_144.tiff,1,POINT (108.6321314112669 14.05181234250953)
spring_images/8/3_68_145.tiff,1,POINT (108.6359478809703 14.05079822987029)
spring_images/8/3_69_135.tiff,1,POINT (108.5822824973084 14.04349671781921)
spring_images/8/3_69_136.tiff,1,POINT (108.5834808097282 14.04395661069383)
spring_images/4/3_69_138.tiff,1,POINT (108.5952022551415 14.04407917256527)
spring_images/4/3_69_139.tiff,1,POINT (108.6021983226441 14.04551054413882)
spring_images/8/3_69_143.tiff,1,POINT (108.629151003892 14.04219762573137)
spring_images/8/3_69_144.tiff,1,POINT (108.6303122015705 14.04265823414385)
spring_images/8/3_71_134.tiff,1,POINT (108.5750646739109 14.03235599157359)
spring_images/8/3_71_135.tiff,1,POINT (108.5801584610607 14.03159734242363)
spring_images/8/3_72_134.tiff,1,POINT (108.5760245973252 14.0278376423845)
spring_images/8/3_72_135.tiff,1,POINT (108.579827576189 14.02730492608206)
spring_images/8/3_72_136.tiff,1,POINT (108.5833302110052 14.0240030895632)
spring_images/8/3_73_135.tiff,1,POINT (108.5794540011358 14.02313092112756)
spring_images/8/3_74_134.tiff,1,POINT (108.5709514536898 14.0128762554066)
spring_images/8/3_74_135.tiff,1,POINT (108.581059894772 14.01288955154019)
spring_images/8/3_74_136.tiff,1,POINT (108.5838354454308 14.01755163458962)
spring_images/8/3_75_133.tiff,1,POINT (108.5693157498985 14.01078795181437)
spring_images/8/3_75_134.tiff,1,POINT (108.574090223936 14.01052353252868)
spring_images/8/3_76_134.tiff,1,POINT (108.5738194074095 14.00192990574387)
spring_images/8/3_76_135.tiff,1,POINT (108.5784893931809 14.00652312462588)
spring_images/9/3_87_146.tiff,1,POINT (108.6454169711869 13.93930246208178)
spring_images/11/3_95_136.tiff,1,POINT (108.5831702383134 13.89310605270401)
spring_images/16/3_108_122.tiff,1,POINT (108.4983677023489 13.82235391486845)
spring_images/4/3_110_157.tiff,1,POINT (108.7031354575777 13.80775203719859)
spring_images/4/3_110_159.tiff,1,POINT (108.7182472051347 13.80570990915034)
spring_images/4/3_112_157.tiff,1,POINT (108.7061694763922 13.79140042618374)
spring_images/4/3_113_151.tiff,1,POINT (108.671206513153 13.78602482036482)
spring_images/4/3_114_162.tiff,1,POINT (108.7330672201134 13.78387372566308)
spring_images/24/3_116_104.tiff,1,POINT (108.3895721520445 13.77649212262753)
spring_images/4/3_121_164.tiff,1,POINT (108.7456367494997 13.74340473128193)
spring_images/4/3_125_167.tiff,1,POINT (108.7637588940015 13.72010483120818)
spring_images/4/3_127_167.tiff,1,POINT (108.7631392158081 13.70877160558129)
spring_images/13/3_138_128.tiff,1,POINT (108.5335523945215 13.645267299093)
spring_images/4/3_143_152.tiff,1,POINT (108.6723606145088 13.61612808956549)
spring_images/4/3_145_154.tiff,1,POINT (108.6878124750995 13.60606495112004)
spring_images/4/3_147_155.tiff,1,POINT (108.6879589285729 13.59367132594015)
spring_images/4/3_152_129.tiff,1,POINT (108.5356450784086 13.56771076378516)
spring_images/4/3_152_155.tiff,1,POINT (108.6887644226761 13.56463692485402)
spring_images/4/3_153_157.tiff,1,POINT (108.7029521029042 13.55634399692714)
spring_images/4/3_157_157.tiff,1,POINT (108.7033182365875 13.53640801787115)
spring_images/4/3_159_158.tiff,1,POINT (108.7044605983931 13.51962078849159)
spring_images/11/2_42_113.tiff,1,POINT (108.4378352056616 13.29728754151291)
spring_images/11/2_45_142.tiff,1,POINT (108.6088677113094 13.28141578428706)
spring_images/6/2_52_73.tiff,1,POINT (108.2030707844725 13.24564604411154)
spring_images/6/2_53_71.tiff,1,POINT (108.1899902596578 13.23802061285502)
spring_images/6/2_53_72.tiff,1,POINT (108.1968395137174 13.23676006289413)
spring_images/6/2_53_73.tiff,1,POINT (108.2008166286256 13.23739033787458)
spring_images/9/2_54_71.tiff,1,POINT (108.1871828123792 13.2308242638562)
spring_images/6/2_54_73.tiff,1,POINT (108.2032320178703 13.23115340792568)
spring_images/6/2_54_74.tiff,1,POINT (108.204771803582 13.23204696232834)
spring_images/9/2_55_71.tiff,1,POINT (108.1908036202939 13.22968169780311)
spring_images/9/2_55_72.tiff,1,POINT (108.1929673273266 13.22711714173259)
spring_images/6/2_55_73.tiff,1,POINT (108.2041893975874 13.22685118282183)
spring_images/6/2_55_74.tiff,1,POINT (108.2064871089085 13.22645028006528)
spring_images/6/2_55_75.tiff,1,POINT (108.2104043875845 13.22692099175953)
spring_images/18/2_63_156.tiff,1,POINT (108.6901003582261 13.1746920453301)
spring_images/15/2_66_77.tiff,1,POINT (108.2234857907217 13.16530934267014)
spring_images/6/2_67_72.tiff,1,POINT (108.1936524146663 13.15544714139539)
spring_images/6/2_67_73.tiff,1,POINT (108.1979389616496 13.15656649241267)
spring_images/11/2_68_100.tiff,1,POINT (108.3596682121447 13.14850938473257)
spring_images/13/2_79_75.tiff,1,POINT (108.2134993604025 13.08694502953983)
spring_images/13/2_79_76.tiff,1,POINT (108.2145523430525 13.08656595578582)
spring_images/4/2_79_139.tiff,1,POINT (108.5888147947687 13.08159081657174)
spring_images/10/2_85_119.tiff,1,POINT (108.4708567188464 13.04752032467408)
spring_images/15/2_89_77.tiff,1,POINT (108.2198786634243 13.03212515483354)
spring_images/4/2_91_118.tiff,1,POINT (108.4614124233952 13.01565058511713)
spring_images/15/2_94_78.tiff,1,POINT (108.2295901552071 13.00009123299988)
spring_images/15/2_95_78.tiff,1,POINT (108.2306748419532 12.99340707373563)
spring_images/15/2_95_79.tiff,1,POINT (108.2311577280773 12.99455573548903)
spring_images/4/2_95_120.tiff,1,POINT (108.47341277355 12.99138377855852)
spring_images/4/2_98_120.tiff,1,POINT (108.4751796882802 12.97582885423819)
spring_images/15/2_105_79.tiff,1,POINT (108.2321148787135 12.93610876920267)
spring_images/15/2_117_78.tiff,1,POINT (108.2260388208548 12.86957047089592)
spring_images/10/2_122_77.tiff,1,POINT (108.2225842939376 12.83784020481297)
spring_images/10/2_122_122.tiff,1,POINT (108.482477965446 12.83578898689749)
spring_images/18/2_123_79.tiff,1,POINT (108.2300026486788 12.83293264409442)
spring_images/18/2_124_78.tiff,1,POINT (108.2283799521052 12.82856232751172)
spring_images/18/2_124_79.tiff,1,POINT (108.2300728193415 12.82955568095476)
spring_images/18/2_129_84.tiff,1,POINT (108.2613851599294 12.79679883594052)
spring_images/18/2_130_84.tiff,1,POINT (108.2620220894564 12.79493642175395)
spring_images/18/2_145_123.tiff,1,POINT (108.4872773687357 12.7010582823975)
spring_images/18/2_146_124.tiff,1,POINT (108.4922797706273 12.69466844588465)
spring_images/18/2_147_124.tiff,1,POINT (108.4922797706273 12.69466844588465)
spring_images/18/2_148_123.tiff,1,POINT (108.4885991778221 12.68717537816951)
spring_images/11/2_150_151.tiff,1,POINT (108.6520622911646 12.67336900632527)
spring_images/6/2_154_123.tiff,1,POINT (108.4886184220348 12.65174459251521)
spring_images/4/4_0_145.tiff,1,POINT (107.6955814822616 12.65069026338246)
spring_images/4/4_0_147.tiff,1,POINT (107.7082961692547 12.64789560360165)
spring_images/4/4_18_139.tiff,1,POINT (107.6611123834718 12.54199785600972)
spring_images/6/4_18_146.tiff,1,POINT (107.7031607389956 12.54452382780936)
spring_images/4/4_19_138.tiff,1,POINT (107.6560360393549 12.54047405111498)
spring_images/6/4_19_140.tiff,1,POINT (107.6685926255165 12.54050245008152)
spring_images/6/4_19_141.tiff,1,POINT (107.6710406559887 12.53832383636581)
spring_images/6/4_19_142.tiff,1,POINT (107.6800473546167 12.53593318562696)
spring_images/6/4_19_143.tiff,1,POINT (107.6823350200941 12.53666107918796)
spring_images/6/4_19_144.tiff,1,POINT (107.6885590240074 12.53625333895952)
spring_images/6/4_20_140.tiff,1,POINT (107.6693313897028 12.53507912748405)
spring_images/6/4_20_141.tiff,1,POINT (107.6749806596309 12.53360162611825)
spring_images/6/4_20_142.tiff,1,POINT (107.6812803171792 12.53458138329939)
spring_images/6/4_20_143.tiff,1,POINT (107.6850957843021 12.53257865455049)
spring_images/6/4_20_144.tiff,1,POINT (107.6883675097554 12.53375122082787)
spring_images/6/4_21_108.tiff,1,POINT (107.4813061257037 12.53094168127954)
spring_images/6/4_21_143.tiff,1,POINT (107.6852693138104 12.52774540939651)
spring_images/6/4_22_104.tiff,1,POINT (107.457948634401 12.52287008735408)
spring_images/6/4_22_105.tiff,1,POINT (107.4630172622676 12.5234710071527)
spring_images/6/4_22_106.tiff,1,POINT (107.4671714469623 12.52072767763728)
spring_images/6/4_22_107.tiff,1,POINT (107.4720571861945 12.52386291136919)
spring_images/6/4_22_108.tiff,1,POINT (107.4764987673148 12.52017901173419)
spring_images/6/4_22_142.tiff,1,POINT (107.6811372119267 12.51845815120169)
spring_images/6/4_22_143.tiff,1,POINT (107.6822394361185 12.52174575112245)
spring_images/6/4_22_144.tiff,1,POINT (107.6920208301135 12.51867369943351)
spring_images/6/4_22_145.tiff,1,POINT (107.6959056596728 12.51821121972407)
spring_images/6/4_23_104.tiff,1,POINT (107.4581674475885 12.51455192035912)
spring_images/6/4_23_105.tiff,1,POINT (107.460231476462 12.51575375995635)
spring_images/6/4_23_106.tiff,1,POINT (107.4669461020379 12.51515284015773)
spring_images/6/4_23_107.tiff,1,POINT (107.4740803917122 12.51976261350418)
spring_images/6/4_23_109.tiff,1,POINT (107.4857183140077 12.51551045275527)
spring_images/6/4_23_142.tiff,1,POINT (107.6800249926959 12.51472329156248)
spring_images/6/4_23_144.tiff,1,POINT (107.6934082692418 12.51525134958366)
spring_images/6/4_23_145.tiff,1,POINT (107.6944565565832 12.51762541209212)
spring_images/6/4_24_105.tiff,1,POINT (107.4626612826043 12.51118154409732)
spring_images/6/4_24_106.tiff,1,POINT (107.469555530946 12.51369952868826)
spring_images/6/4_24_107.tiff,1,POINT (107.4718840951656 12.51199147947806)
spring_images/6/4_24_109.tiff,1,POINT (107.4856987187969 12.50967761166652)
spring_images/6/4_25_102.tiff,1,POINT (107.4421826543587 12.50304116281722)
spring_images/6/4_25_103.tiff,1,POINT (107.4467716077936 12.50388253218199)
spring_images/6/4_25_104.tiff,1,POINT (107.4529910460625 12.50748131511998)
spring_images/6/4_25_105.tiff,1,POINT (107.4583470703545 12.50523439761211)
spring_images/6/4_25_106.tiff,1,POINT (107.4697122926326 12.50685426837359)
spring_images/6/4_25_107.tiff,1,POINT (107.4718579682179 12.50616517012626)
spring_images/6/4_26_101.tiff,1,POINT (107.4401178090181 12.49777984871086)
spring_images/6/4_26_102.tiff,1,POINT (107.441477226769 12.49777250050681)
spring_images/6/4_27_100.tiff,1,POINT (107.4320439698081 12.49626428162366)
spring_images/6/4_27_101.tiff,1,POINT (107.4353212688185 12.49432435575205)
spring_images/6/4_27_102.tiff,1,POINT (107.4408452812199 12.4969641980603)
spring_images/6/4_28_98.tiff,1,POINT (107.4224551758612 12.48936554271279)
spring_images/6/4_28_99.tiff,1,POINT (107.4259235281771 12.4915406111143)
spring_images/6/4_28_100.tiff,1,POINT (107.433492178358 12.48617152334842)
spring_images/6/4_28_101.tiff,1,POINT (107.4360597633264 12.49124545825126)
spring_images/6/4_29_98.tiff,1,POINT (107.420240917038 12.48162543443715)
spring_images/6/4_29_99.tiff,1,POINT (107.4238464358297 12.48383969326031)
spring_images/6/4_29_100.tiff,1,POINT (107.4320519303624 12.48533872688838)
spring_images/6/4_29_101.tiff,1,POINT (107.4346482957966 12.48219369555106)
spring_images/6/4_29_102.tiff,1,POINT (107.4431232244782 12.48392848405935)
spring_images/6/4_30_98.tiff,1,POINT (107.4210443206818 12.47999903193872)
spring_images/6/4_30_99.tiff,1,POINT (107.4233173651374 12.48003822236037)
spring_images/6/4_30_101.tiff,1,POINT (107.4359072880921 12.47911234864892)
spring_images/6/4_30_102.tiff,1,POINT (107.4406395315062 12.47433601601047)
spring_images/6/4_31_98.tiff,1,POINT (107.4196106044231 12.47234383624332)
spring_images/6/4_31_99.tiff,1,POINT (107.4233924801122 12.47175597991859)
spring_images/6/4_31_101.tiff,1,POINT (107.4390327242186 12.47298394646358)
spring_images/6/4_32_102.tiff,1,POINT (107.4436931185261 12.46519974896344)
spring_images/6/4_33_103.tiff,1,POINT (107.4481265349752 12.46214289607482)
