path,label,geometry,label_culture,label_coffee
spring_images/6/2_52_73.tiff,6,POINT (108.2030707844725 13.24564604411154),0,1
spring_images/6/2_53_71.tiff,6,POINT (108.1899902596578 13.23802061285502),0,1
spring_images/6/2_53_72.tiff,6,POINT (108.1968395137174 13.23676006289413),0,1
spring_images/6/2_53_73.tiff,6,POINT (108.2008166286256 13.23739033787458),0,1
spring_images/2/2_54_46.tiff,2,POINT (108.0437600501629 13.23468093185177),0,0
spring_images/6/2_54_73.tiff,6,POINT (108.2032320178703 13.23115340792568),0,1
spring_images/6/2_54_74.tiff,6,POINT (108.204771803582 13.23204696232834),0,1
spring_images/6/2_55_73.tiff,6,POINT (108.2041893975874 13.22685118282183),0,1
spring_images/6/2_55_74.tiff,6,POINT (108.2064871089085 13.22645028006528),0,1
spring_images/6/2_55_75.tiff,6,POINT (108.2104043875845 13.22692099175953),0,1
spring_images/15/2_66_77.tiff,15,POINT (108.2234857907217 13.16530934267014),0,1
spring_images/6/2_67_72.tiff,6,POINT (108.1936524146663 13.15544714139539),0,1
spring_images/6/2_67_73.tiff,6,POINT (108.1979389616496 13.15656649241267),0,1
spring_images/2/2_68_73.tiff,2,POINT (108.1986559097027 13.15401375779256),0,0
spring_images/2/2_69_71.tiff,2,POINT (108.1903984754182 13.14857786019309),0,0
spring_images/2/2_69_73.tiff,2,POINT (108.1982547391809 13.14808337041608),0,0
spring_images/2/2_69_77.tiff,2,POINT (108.2250600770846 13.14701289021503),0,0
spring_images/2/2_76_78.tiff,2,POINT (108.2281456350696 13.10820627504848),0,0
spring_images/18/2_79_16.tiff,18,POINT (107.8658514585481 13.09485436342507),0,1
spring_images/18/2_79_17.tiff,18,POINT (107.869471508299 13.09181286043798),0,1
spring_images/18/2_80_15.tiff,18,POINT (107.8573169297396 13.08932210265222),0,1
spring_images/18/2_80_16.tiff,18,POINT (107.8611320814584 13.08808483802793),0,1
spring_images/18/2_81_14.tiff,18,POINT (107.8505779388023 13.08050994605188),0,1
spring_images/18/2_81_15.tiff,18,POINT (107.8603777194933 13.07917215585128),0,1
spring_images/18/2_81_16.tiff,18,POINT (107.8631657338807 13.0785013625548),0,1
spring_images/18/2_81_17.tiff,18,POINT (107.8697878880564 13.07845623714304),0,1
spring_images/18/2_82_12.tiff,18,POINT (107.8384540082831 13.07488450001252),0,1
spring_images/18/2_82_13.tiff,18,POINT (107.8455970500689 13.07251791647138),0,1
spring_images/18/2_82_14.tiff,18,POINT (107.8495100901313 13.07746753936535),0,1
spring_images/18/2_82_15.tiff,18,POINT (107.8579905260951 13.07360203792222),0,1
spring_images/18/2_82_17.tiff,18,POINT (107.8671480514685 13.07669634608443),0,1
spring_images/18/2_83_10.tiff,18,POINT (107.8288866614064 13.06846297759906),0,1
spring_images/18/2_83_11.tiff,18,POINT (107.8313205867556 13.07153424506048),0,1
spring_images/18/2_83_12.tiff,18,POINT (107.8388580591316 13.07162082738516),0,1
spring_images/18/2_84_11.tiff,18,POINT (107.8329921066348 13.06238778448431),0,1
spring_images/6/2_84_51.tiff,6,POINT (108.0682186884875 13.06396594222361),0,1
spring_images/6/1_7_114.tiff,6,POINT (108.432843409901 12.59651306845878),0,1
spring_images/6/1_8_114.tiff,6,POINT (108.43548763731 12.59507380543867),0,1
spring_images/18/1_9_110.tiff,18,POINT (108.4107643518033 12.5889533982607),0,1
spring_images/18/1_11_113.tiff,18,POINT (108.4289491156535 12.57399512322009),0,1
spring_images/18/2_63_156.tiff,18,POINT (108.6901003582261 13.1746920453301),0,1
spring_images/2/2_88_76.tiff,2,POINT (108.2194695463308 13.03367445813423),0,0
spring_images/2/2_88_77.tiff,2,POINT (108.2200305038643 13.03347494231048),0,0
spring_images/15/2_89_77.tiff,15,POINT (108.2198786634243 13.03212515483354),0,1
spring_images/15/2_94_78.tiff,15,POINT (108.2295901552071 13.00009123299988),0,1
spring_images/15/2_95_78.tiff,15,POINT (108.2306748419532 12.99340707373563),0,1
spring_images/15/2_95_79.tiff,15,POINT (108.2311577280773 12.99455573548903),0,1
spring_images/2/2_98_82.tiff,2,POINT (108.2530147651782 12.97538803760747),0,0
spring_images/2/2_98_83.tiff,2,POINT (108.2566911555708 12.97902552512748),0,0
spring_images/2/2_98_84.tiff,2,POINT (108.2637270429051 12.97601033334974),0,0
spring_images/2/2_98_85.tiff,2,POINT (108.2684734957823 12.97917991350297),0,0
spring_images/2/2_99_82.tiff,2,POINT (108.2527451672533 12.97478493706439),0,0
spring_images/2/2_99_84.tiff,2,POINT (108.2649449956451 12.97485967810677),0,0
spring_images/2/2_103_85.tiff,2,POINT (108.2697895555961 12.95016791735196),0,0
spring_images/15/2_105_79.tiff,15,POINT (108.2321148787135 12.93610876920267),0,1
spring_images/2/2_110_80.tiff,2,POINT (108.2396886513249 12.90984871417855),0,0
spring_images/2/2_111_80.tiff,2,POINT (108.2383792918714 12.90484927555345),0,0
spring_images/15/2_117_78.tiff,15,POINT (108.2260388208548 12.86957047089592),0,1
spring_images/6/2_118_51.tiff,6,POINT (108.0680588333444 12.8632209298808),0,1
spring_images/6/2_118_52.tiff,6,POINT (108.0711082927197 12.86197049829776),0,1
spring_images/6/2_118_53.tiff,6,POINT (108.0795609650384 12.86401777353666),0,1
spring_images/18/2_119_47.tiff,18,POINT (108.0414194299881 12.85675647817214),0,1
spring_images/18/2_119_48.tiff,18,POINT (108.0470885799463 12.85965390743686),0,1
spring_images/6/2_119_51.tiff,6,POINT (108.0686595308696 12.86065877104888),0,1
spring_images/6/2_119_52.tiff,6,POINT (108.0703880686461 12.85692280021621),0,1
spring_images/6/2_119_53.tiff,6,POINT (108.0767842713761 12.85788207738654),0,1
spring_images/6/2_119_54.tiff,6,POINT (108.0877071590279 12.85984660347656),0,1
spring_images/18/2_120_47.tiff,18,POINT (108.0430245138189 12.85218804472829),0,1
spring_images/6/2_120_51.tiff,6,POINT (108.0653250466481 12.85509925415761),0,1
spring_images/18/2_121_43.tiff,18,POINT (108.0224128513927 12.84583450145609),0,1
spring_images/18/2_121_44.tiff,18,POINT (108.0249082349248 12.84693399360296),0,1
spring_images/18/2_121_47.tiff,18,POINT (108.0432330060834 12.848562425569),0,1
spring_images/6/2_121_50.tiff,6,POINT (108.0621775142075 12.84716759499852),0,1
spring_images/6/2_121_51.tiff,6,POINT (108.0647151547731 12.84820042696784),0,1
spring_images/6/2_121_57.tiff,6,POINT (108.1036830318726 12.84441337975327),0,1
spring_images/6/2_122_56.tiff,6,POINT (108.0989231339126 12.84002300018754),0,1
spring_images/6/2_122_57.tiff,6,POINT (108.1027561043751 12.8396973229587),0,1
spring_images/6/2_122_58.tiff,6,POINT (108.1109230871907 12.84255952475833),0,1
spring_images/6/2_123_56.tiff,6,POINT (108.0963427681764 12.83659086323744),0,1
spring_images/6/2_123_57.tiff,6,POINT (108.0994742799922 12.83423596635197),0,1
spring_images/18/2_123_79.tiff,18,POINT (108.2300026486788 12.83293264409442),0,1
spring_images/18/2_124_78.tiff,18,POINT (108.2283799521052 12.82856232751172),0,1
spring_images/18/2_124_79.tiff,18,POINT (108.2300728193415 12.82955568095476),0,1
spring_images/18/2_129_84.tiff,18,POINT (108.2613851599294 12.79679883594052),0,1
spring_images/18/2_130_84.tiff,18,POINT (108.2620220894564 12.79493642175395),0,1
spring_images/18/2_145_123.tiff,18,POINT (108.4872773687357 12.7010582823975),0,1
spring_images/18/2_146_124.tiff,18,POINT (108.4922797706273 12.69466844588465),0,1
spring_images/18/2_147_124.tiff,18,POINT (108.4922797706273 12.69466844588465),0,1
spring_images/18/2_148_123.tiff,18,POINT (108.4885991778221 12.68717537816951),0,1
spring_images/6/2_154_123.tiff,6,POINT (108.4886184220348 12.65174459251521),0,1
spring_images/6/2_163_114.tiff,6,POINT (108.4330107660661 12.59924655248922),0,1
spring_images/6/2_164_114.tiff,6,POINT (108.43548763731 12.59507380543867),0,1
spring_images/18/2_165_110.tiff,18,POINT (108.4107643518033 12.5889533982607),0,1
spring_images/18/2_168_113.tiff,18,POINT (108.4289491156535 12.57399512322009),0,1
spring_images/2/0_14_38.tiff,2,POINT (107.9764931578306 11.6600250311816),0,0
spring_images/2/0_14_39.tiff,2,POINT (107.9806519316912 11.65785728099585),0,0
spring_images/2/0_15_34.tiff,2,POINT (107.9549055058224 11.65513395712332),0,0
spring_images/2/0_15_37.tiff,2,POINT (107.9724427002185 11.65644774455029),0,0
spring_images/2/0_15_38.tiff,2,POINT (107.9785939229679 11.65630094752916),0,0
spring_images/2/0_15_39.tiff,2,POINT (107.9801787607105 11.65674561423393),0,0
spring_images/2/0_15_40.tiff,2,POINT (107.9861353093545 11.65320855074851),0,0
spring_images/2/0_15_43.tiff,2,POINT (108.0040287433453 11.65337553464974),0,0
spring_images/2/0_16_34.tiff,2,POINT (107.9560548727813 11.64800463057481),0,0
spring_images/2/0_16_36.tiff,2,POINT (107.9665853643245 11.64812779228996),0,0
spring_images/2/0_16_37.tiff,2,POINT (107.9722477664126 11.65022674360969),0,0
spring_images/2/0_16_39.tiff,2,POINT (107.9851327055097 11.65186018285449),0,0
spring_images/2/0_16_40.tiff,2,POINT (107.9882882220749 11.65157820052313),0,0
spring_images/2/0_16_42.tiff,2,POINT (108.0030692147889 11.65019095759039),0,0
spring_images/2/0_16_43.tiff,2,POINT (108.0051620447899 11.6474332574085),0,0
spring_images/2/0_17_31.tiff,2,POINT (107.9329806169239 11.64593420739057),0,0
spring_images/2/0_17_36.tiff,2,POINT (107.9625404005681 11.64210139651369),0,0
spring_images/2/0_17_38.tiff,2,POINT (107.9758002160654 11.64120670613666),0,0
spring_images/2/0_18_37.tiff,2,POINT (107.9715348240594 11.63510740993199),0,0
spring_images/2/0_19_34.tiff,2,POINT (107.9509050575718 11.62915388503185),0,0
spring_images/2/0_19_37.tiff,2,POINT (107.9708424829821 11.63093149473437),0,0
spring_images/2/0_19_38.tiff,2,POINT (107.9745949063218 11.62988765514827),0,0
spring_images/2/0_20_33.tiff,2,POINT (107.9500357982327 11.62910046686018),0,0
spring_images/2/0_20_34.tiff,2,POINT (107.9504072973357 11.62906161728078),0,0
spring_images/2/0_20_37.tiff,2,POINT (107.9709864608561 11.62755701331379),0,0
spring_images/2/0_20_39.tiff,2,POINT (107.9809171778342 11.62487200332422),0,0
spring_images/2/0_20_47.tiff,2,POINT (108.0270200595027 11.62455816098502),0,0
spring_images/2/0_21_35.tiff,2,POINT (107.961410209067 11.62112777788555),0,0
spring_images/2/0_21_36.tiff,2,POINT (107.9623381765388 11.61769429823979),0,0
spring_images/2/0_21_38.tiff,2,POINT (107.9744244601951 11.6175357047696),0,0
spring_images/18/0_21_40.tiff,18,POINT (107.9907732821607 11.61979252560859),0,1
spring_images/18/0_21_41.tiff,18,POINT (107.9926740802273 11.61828826840202),0,1
spring_images/2/0_21_48.tiff,2,POINT (108.0380221111921 11.6219699877618),0,0
spring_images/2/0_22_35.tiff,2,POINT (107.9604292148825 11.61663376398627),0,0
spring_images/2/0_22_38.tiff,2,POINT (107.9739000334322 11.61669116378015),0,0
spring_images/2/0_22_39.tiff,2,POINT (107.9828286554014 11.61312554892037),0,0
spring_images/2/0_22_41.tiff,2,POINT (107.991766161818 11.61434429979537),0,0
spring_images/2/0_22_42.tiff,2,POINT (107.9980564889147 11.61359732345263),0,0
spring_images/2/0_23_38.tiff,2,POINT (107.9743625026029 11.61155015880508),0,0
spring_images/2/0_23_41.tiff,2,POINT (107.9942953975048 11.60936445751045),0,0
spring_images/18/0_23_48.tiff,18,POINT (108.0355787756576 11.6058070172592),0,1
spring_images/2/0_24_39.tiff,2,POINT (107.9843978047825 11.60361745327449),0,0
spring_images/17/0_24_42.tiff,17,POINT (108.0023473490699 11.59999175951154),0,1
spring_images/18/0_24_48.tiff,18,POINT (108.0379625176328 11.60208819035926),0,1
spring_images/18/0_24_49.tiff,18,POINT (108.0381711147473 11.60162600459572),0,1
spring_images/2/0_25_33.tiff,2,POINT (107.9489761585951 11.59471426945438),0,0
spring_images/2/0_25_36.tiff,2,POINT (107.9673781741358 11.59491260742351),0,0
spring_images/2/0_25_37.tiff,2,POINT (107.9682200475668 11.59452566537712),0,0
spring_images/17/0_25_42.tiff,17,POINT (108.0021483204019 11.59894133043058),0,1
spring_images/17/0_25_43.tiff,17,POINT (108.0083509066294 11.59403779226176),0,1
spring_images/17/0_25_44.tiff,17,POINT (108.0122922611133 11.59486272692118),0,1
spring_images/18/0_25_48.tiff,18,POINT (108.0379262333306 11.59492680134348),0,1
spring_images/2/0_26_36.tiff,2,POINT (107.9659451564313 11.59000318151658),0,0
spring_images/2/0_26_37.tiff,2,POINT (107.9708944375471 11.58851656399879),0,0
spring_images/2/0_26_39.tiff,2,POINT (107.9802438929742 11.58840985230948),0,0
spring_images/2/0_26_40.tiff,2,POINT (107.9867162802942 11.59049765854615),0,0
spring_images/2/0_26_41.tiff,2,POINT (107.9944669056735 11.58828158371973),0,0
spring_images/17/0_26_42.tiff,17,POINT (108.0022820720231 11.58977241543777),0,1
spring_images/17/0_26_43.tiff,17,POINT (108.0069774700712 11.59215597659005),0,1
spring_images/17/0_26_44.tiff,17,POINT (108.0126955625024 11.59194795779121),0,1
spring_images/2/0_26_46.tiff,2,POINT (108.0252123587449 11.59172825419865),0,0
spring_images/18/0_26_48.tiff,18,POINT (108.0377401786935 11.58992283186976),0,1
spring_images/2/0_26_51.tiff,2,POINT (108.0553800568292 11.59061834123703),0,0
spring_images/2/0_27_36.tiff,2,POINT (107.9659451564313 11.58793596248977),0,0
spring_images/2/0_27_37.tiff,2,POINT (107.9708944375471 11.58851656399879),0,0
spring_images/2/0_27_38.tiff,2,POINT (107.9739971106973 11.58605917431199),0,0
spring_images/2/0_27_39.tiff,2,POINT (107.984563029045 11.58761619835543),0,0
spring_images/2/0_27_40.tiff,2,POINT (107.9902160182707 11.58502933163759),0,0
spring_images/2/0_27_41.tiff,2,POINT (107.9911834462376 11.58562227135922),0,0
spring_images/17/0_27_43.tiff,17,POINT (108.0081251878877 11.58630783493659),0,1
spring_images/17/0_27_44.tiff,17,POINT (108.010413243278 11.58807993083258),0,1
spring_images/17/0_27_45.tiff,17,POINT (108.0197235740798 11.58426990725342),0,1
spring_images/17/0_27_46.tiff,17,POINT (108.0217192108397 11.58664870627131),0,1
spring_images/17/0_27_48.tiff,17,POINT (108.0377612853153 11.58242050816042),0,1
spring_images/17/0_27_49.tiff,17,POINT (108.0436045749118 11.58522577717003),0,1
spring_images/17/0_27_50.tiff,17,POINT (108.0442967046019 11.58439277152525),0,1
spring_images/2/0_28_37.tiff,2,POINT (107.9698487091971 11.57950861494672),0,0
spring_images/2/0_28_38.tiff,2,POINT (107.9764304873293 11.57980071556253),0,0
spring_images/2/0_28_39.tiff,2,POINT (107.9841831743659 11.58211880230045),0,0
spring_images/2/0_28_40.tiff,2,POINT (107.9861041968561 11.58079572364468),0,0
spring_images/17/0_28_48.tiff,17,POINT (108.0377219921022 11.57949147731443),0,1
spring_images/17/0_28_49.tiff,17,POINT (108.0426443635047 11.57780042193109),0,1
spring_images/17/0_28_50.tiff,17,POINT (108.0441092267667 11.57836051670774),0,1
spring_images/2/0_28_52.tiff,2,POINT (108.0556305921492 11.57730025809939),0,0
spring_images/2/0_29_37.tiff,2,POINT (107.9705621572697 11.576675459584),0,0
spring_images/2/0_29_39.tiff,2,POINT (107.9846539662889 11.57664748133727),0,0
spring_images/2/0_29_40.tiff,2,POINT (107.9874662071697 11.57607861251984),0,0
spring_images/2/0_29_41.tiff,2,POINT (107.9912030203948 11.57312640165918),0,0
spring_images/2/0_29_52.tiff,2,POINT (108.0557737735473 11.57526840844628),0,0
spring_images/2/0_30_34.tiff,2,POINT (107.954781821735 11.56593194886805),0,0
spring_images/2/0_30_43.tiff,2,POINT (108.0040500150072 11.56507480822179),0,0
spring_images/2/0_30_44.tiff,2,POINT (108.009298681223 11.56929730082208),0,0
spring_images/2/0_31_35.tiff,2,POINT (107.9562318738673 11.56549791965838),0,0
spring_images/2/0_31_43.tiff,2,POINT (108.0033467288114 11.56402467951648),0,0
spring_images/2/0_37_47.tiff,2,POINT (108.0270426865973 11.52894387904797),0,0
spring_images/18/0_38_37.tiff,18,POINT (107.9705223187371 11.52023324103067),0,1
spring_images/6/0_38_47.tiff,6,POINT (108.0290242720973 11.52164861320886),0,1
spring_images/6/0_38_48.tiff,6,POINT (108.0336912596358 11.52006062185149),0,1
spring_images/6/0_38_49.tiff,6,POINT (108.0396729565175 11.5185140981546),0,1
spring_images/18/0_39_37.tiff,18,POINT (107.9685631196263 11.51814309416723),0,1
spring_images/6/0_39_49.tiff,6,POINT (108.040078956923 11.51545487487107),0,1
spring_images/2/0_43_38.tiff,2,POINT (107.9758012722671 11.49197061582583),0,0
spring_images/2/0_43_39.tiff,2,POINT (107.9817240377611 11.49368079475353),0,0
spring_images/2/0_43_40.tiff,2,POINT (107.984443682006 11.49282950578067),0,0
spring_images/2/1_170_38.tiff,2,POINT (107.9764931578306 11.6600250311816),0,0
spring_images/2/1_170_39.tiff,2,POINT (107.9841365794257 11.65950055250418),0,0
spring_images/2/1_133_96.tiff,2,POINT (108.3197962922784 11.87260794900948),0,0
spring_images/17/0_0_115.tiff,17,POINT (108.4277534180868 11.7380222804429),0,1
spring_images/18/0_6_115.tiff,18,POINT (108.4275914607735 11.7005441489426),0,1
spring_images/18/0_7_115.tiff,18,POINT (108.4310031311237 11.69871616454407),0,1
spring_images/18/0_7_116.tiff,18,POINT (108.4328639317315 11.69641295281852),0,1
spring_images/2/0_34_110.tiff,2,POINT (108.396896814946 11.54332780702158),0,0
spring_images/17/1_156_115.tiff,17,POINT (108.4277534180868 11.7380222804429),0,1
spring_images/18/1_162_115.tiff,18,POINT (108.426813595072 11.7010108683635),0,1
spring_images/18/1_163_115.tiff,18,POINT (108.4275914607735 11.7005441489426),0,1
spring_images/18/1_163_116.tiff,18,POINT (108.4328639317315 11.69641295281852),0,1
spring_images/6/4_21_108.tiff,6,POINT (107.4813061257037 12.53094168127954),0,1
spring_images/6/4_22_104.tiff,6,POINT (107.457948634401 12.52287008735408),0,1
spring_images/6/4_22_105.tiff,6,POINT (107.4630172622676 12.5234710071527),0,1
spring_images/6/4_22_106.tiff,6,POINT (107.4671714469623 12.52072767763728),0,1
spring_images/6/4_22_107.tiff,6,POINT (107.4720571861945 12.52386291136919),0,1
spring_images/6/4_22_108.tiff,6,POINT (107.4764987673148 12.52017901173419),0,1
spring_images/6/4_23_104.tiff,6,POINT (107.4581674475885 12.51455192035912),0,1
spring_images/6/4_23_105.tiff,6,POINT (107.460231476462 12.51575375995635),0,1
spring_images/6/4_23_106.tiff,6,POINT (107.4669461020379 12.51515284015773),0,1
spring_images/6/4_23_107.tiff,6,POINT (107.4740803917122 12.51976261350418),0,1
spring_images/6/4_23_109.tiff,6,POINT (107.4857183140077 12.51551045275527),0,1
spring_images/6/4_24_105.tiff,6,POINT (107.4626612826043 12.51118154409732),0,1
spring_images/6/4_24_106.tiff,6,POINT (107.469555530946 12.51369952868826),0,1
spring_images/6/4_24_107.tiff,6,POINT (107.4718840951656 12.51199147947806),0,1
spring_images/6/4_24_109.tiff,6,POINT (107.4856987187969 12.50967761166652),0,1
spring_images/6/4_25_102.tiff,6,POINT (107.4421826543587 12.50304116281722),0,1
spring_images/6/4_25_103.tiff,6,POINT (107.4467716077936 12.50388253218199),0,1
spring_images/6/4_25_104.tiff,6,POINT (107.4529910460625 12.50748131511998),0,1
spring_images/6/4_25_105.tiff,6,POINT (107.4583470703545 12.50523439761211),0,1
spring_images/6/4_25_106.tiff,6,POINT (107.4697122926326 12.50685426837359),0,1
spring_images/6/4_25_107.tiff,6,POINT (107.4718579682179 12.50616517012626),0,1
spring_images/6/4_26_101.tiff,6,POINT (107.4401178090181 12.49777984871086),0,1
spring_images/6/4_26_102.tiff,6,POINT (107.441477226769 12.49777250050681),0,1
spring_images/6/4_27_100.tiff,6,POINT (107.4320439698081 12.49626428162366),0,1
spring_images/6/4_27_101.tiff,6,POINT (107.4353212688185 12.49432435575205),0,1
spring_images/6/4_27_102.tiff,6,POINT (107.4408452812199 12.4969641980603),0,1
spring_images/6/4_28_98.tiff,6,POINT (107.4224551758612 12.48936554271279),0,1
spring_images/6/4_28_99.tiff,6,POINT (107.4259235281771 12.4915406111143),0,1
spring_images/6/4_28_100.tiff,6,POINT (107.433492178358 12.48617152334842),0,1
spring_images/6/4_28_101.tiff,6,POINT (107.4360597633264 12.49124545825126),0,1
spring_images/6/4_29_98.tiff,6,POINT (107.420240917038 12.48162543443715),0,1
spring_images/6/4_29_99.tiff,6,POINT (107.4238464358297 12.48383969326031),0,1
spring_images/6/4_29_100.tiff,6,POINT (107.4320519303624 12.48533872688838),0,1
spring_images/6/4_29_101.tiff,6,POINT (107.4346482957966 12.48219369555106),0,1
spring_images/6/4_29_102.tiff,6,POINT (107.4431232244782 12.48392848405935),0,1
spring_images/6/4_30_98.tiff,6,POINT (107.4210443206818 12.47999903193872),0,1
spring_images/6/4_30_99.tiff,6,POINT (107.4233173651374 12.48003822236037),0,1
spring_images/6/4_30_101.tiff,6,POINT (107.4359072880921 12.47911234864892),0,1
spring_images/6/4_30_102.tiff,6,POINT (107.4406395315062 12.47433601601047),0,1
spring_images/6/4_31_98.tiff,6,POINT (107.4196106044231 12.47234383624332),0,1
spring_images/6/4_31_99.tiff,6,POINT (107.4233924801122 12.47175597991859),0,1
spring_images/6/4_31_101.tiff,6,POINT (107.4390327242186 12.47298394646358),0,1
spring_images/6/4_32_102.tiff,6,POINT (107.4436931185261 12.46519974896344),0,1
spring_images/6/4_33_103.tiff,6,POINT (107.4481265349752 12.46214289607482),0,1
spring_images/15/4_51_129.tiff,15,POINT (107.60345387445 12.35349899060975),0,1
spring_images/6/4_74_109.tiff,6,POINT (107.484464627895 12.22042123426236),0,1
spring_images/6/4_74_110.tiff,6,POINT (107.4853962793317 12.2206952493908),0,1
spring_images/15/4_78_119.tiff,15,POINT (107.5394253613421 12.19887537173586),0,1
spring_images/2/4_78_120.tiff,2,POINT (107.5458641322183 12.19785996775651),0,0
spring_images/18/4_100_110.tiff,18,POINT (107.4858270108549 12.07097596097082),0,1
spring_images/18/4_100_111.tiff,18,POINT (107.4950048756865 12.07000001186413),0,1
spring_images/18/4_101_110.tiff,18,POINT (107.4865072178081 12.06885647553711),0,1
spring_images/18/4_101_111.tiff,18,POINT (107.492461493166 12.06762421656402),0,1
spring_images/6/4_104_111.tiff,6,POINT (107.4928057498199 12.04923506837189),0,1
spring_images/6/4_105_111.tiff,6,POINT (107.4903316645878 12.04093590385407),0,1
spring_images/6/4_106_110.tiff,6,POINT (107.4886335129183 12.03937007569128),0,1
spring_images/6/4_106_111.tiff,6,POINT (107.4904419341767 12.03921569826678),0,1
spring_images/2/4_109_93.tiff,2,POINT (107.3876550181036 12.0189827977914),0,0
spring_images/6/4_111_132.tiff,6,POINT (107.6173090819283 12.00461204773799),0,1
spring_images/6/4_112_132.tiff,6,POINT (107.6159291156949 12.003735991755),0,1
spring_images/2/1_9_44.tiff,2,POINT (108.0212760498328 12.59437437881098),0,0
spring_images/18/1_27_37.tiff,18,POINT (107.9820590682295 12.49112925552927),0,1
spring_images/18/1_28_37.tiff,18,POINT (107.9819329345291 12.48529557188518),0,1
spring_images/18/1_28_38.tiff,18,POINT (107.9881765526995 12.4854532390107),0,1
spring_images/18/1_29_38.tiff,18,POINT (107.9835096057842 12.47490530831369),0,1
spring_images/18/1_30_39.tiff,18,POINT (107.9895324899789 12.46979689344698),0,1
spring_images/18/1_31_38.tiff,18,POINT (107.9872620833715 12.46282012314291),0,1
spring_images/18/1_32_38.tiff,18,POINT (107.9872620833715 12.46282012314291),0,1
spring_images/18/1_34_21.tiff,18,POINT (107.8880822169093 12.44825236601521),0,1
spring_images/18/1_34_22.tiff,18,POINT (107.8941048018694 12.44874595526507),0,1
spring_images/18/1_34_23.tiff,18,POINT (107.9000822738334 12.44771101006376),0,1
spring_images/18/1_34_24.tiff,18,POINT (107.9016532675749 12.44761547666056),0,1
spring_images/18/1_35_21.tiff,18,POINT (107.8869517383048 12.4464412119129),0,1
spring_images/18/1_35_22.tiff,18,POINT (107.8937770692223 12.44528419625194),0,1
spring_images/18/1_35_23.tiff,18,POINT (107.8953042768207 12.44637884983026),0,1
spring_images/15/2_149_28.tiff,15,POINT (107.9268556630846 12.68610178379997),0,1
spring_images/2/2_165_44.tiff,2,POINT (108.0212760498328 12.59437437881098),0,0
spring_images/2/4_44_153.tiff,2,POINT (107.7416534542163 12.39426556726085),0,0
spring_images/6/4_18_146.tiff,6,POINT (107.7031607389956 12.54452382780936),0,1
spring_images/6/4_19_140.tiff,6,POINT (107.6685926255165 12.54050245008152),0,1
spring_images/6/4_19_141.tiff,6,POINT (107.6710406559887 12.53832383636581),0,1
spring_images/6/4_19_142.tiff,6,POINT (107.6800473546167 12.53593318562696),0,1
spring_images/6/4_19_143.tiff,6,POINT (107.6823350200941 12.53666107918796),0,1
spring_images/6/4_19_144.tiff,6,POINT (107.6885590240074 12.53625333895952),0,1
spring_images/6/4_20_140.tiff,6,POINT (107.6693313897028 12.53507912748405),0,1
spring_images/6/4_20_141.tiff,6,POINT (107.6749806596309 12.53360162611825),0,1
spring_images/6/4_20_142.tiff,6,POINT (107.6812803171792 12.53458138329939),0,1
spring_images/6/4_20_143.tiff,6,POINT (107.6850957843021 12.53257865455049),0,1
spring_images/6/4_20_144.tiff,6,POINT (107.6883675097554 12.53375122082787),0,1
spring_images/6/4_21_143.tiff,6,POINT (107.6852693138104 12.52774540939651),0,1
spring_images/6/4_22_142.tiff,6,POINT (107.6811372119267 12.51845815120169),0,1
spring_images/6/4_22_143.tiff,6,POINT (107.6822394361185 12.52174575112245),0,1
spring_images/6/4_22_144.tiff,6,POINT (107.6920208301135 12.51867369943351),0,1
spring_images/6/4_22_145.tiff,6,POINT (107.6959056596728 12.51821121972407),0,1
spring_images/6/4_23_142.tiff,6,POINT (107.6800249926959 12.51472329156248),0,1
spring_images/6/4_23_144.tiff,6,POINT (107.6934082692418 12.51525134958366),0,1
spring_images/6/4_23_145.tiff,6,POINT (107.6944565565832 12.51762541209212),0,1
spring_images/15/4_94_148.tiff,15,POINT (107.7095688135798 12.10461833313313),0,1
spring_images/2/3_32_131.tiff,2,POINT (108.5601275802139 14.25645133800843),0,0
spring_images/2/3_52_60.tiff,2,POINT (108.135521712532 14.14909288291238),0,0
spring_images/2/3_52_61.tiff,2,POINT (108.1403311050726 14.14878561616673),0,0
spring_images/2/3_52_62.tiff,2,POINT (108.1477723040867 14.14769014342138),0,0
spring_images/2/3_53_59.tiff,2,POINT (108.1310797041439 14.14115070550859),0,0
spring_images/2/3_53_60.tiff,2,POINT (108.1379531276498 14.14452062014292),0,0
spring_images/2/3_53_61.tiff,2,POINT (108.140264307954 14.14337170970267),0,0
spring_images/6/3_61_62.tiff,6,POINT (108.150751828377 14.09514602889075),0,1
spring_images/6/3_61_63.tiff,6,POINT (108.1519618059293 14.09749467353108),0,1
spring_images/17/3_62_36.tiff,17,POINT (107.9965370963775 14.09083488471786),0,1
spring_images/2/3_62_38.tiff,2,POINT (108.003979993037 14.0917591514558),0,0
spring_images/17/3_63_36.tiff,17,POINT (107.9955227333839 14.08467351343191),0,1
spring_images/17/3_63_37.tiff,17,POINT (107.9983253287104 14.08400749443934),0,1
spring_images/2/3_63_38.tiff,2,POINT (108.0049506529435 14.08733531655833),0,0
spring_images/2/3_63_39.tiff,2,POINT (108.010445454083 14.08613587677956),0,0
spring_images/2/3_63_40.tiff,2,POINT (108.0153401200988 14.08844213545369),0,0
spring_images/17/3_64_37.tiff,17,POINT (107.9985338733778 14.08001754425976),0,1
spring_images/2/3_64_38.tiff,2,POINT (108.0048515500649 14.08015555176021),0,0
spring_images/2/3_64_39.tiff,2,POINT (108.0106049294168 14.07912509575687),0,0
spring_images/2/3_64_40.tiff,2,POINT (108.0150089020978 14.0835229347711),0,0
spring_images/18/3_64_147.tiff,18,POINT (108.6491331881462 14.07091297407241),0,1
spring_images/17/3_65_36.tiff,17,POINT (107.9965220307046 14.07402495190704),0,1
spring_images/17/3_65_37.tiff,17,POINT (107.9975524867079 14.07599079208006),0,1
spring_images/2/3_65_38.tiff,2,POINT (108.0085930867437 14.07782475841933),0,0
spring_images/2/3_65_39.tiff,2,POINT (108.0095744734135 14.07645081708155),0,0
spring_images/2/3_65_40.tiff,2,POINT (108.0152363289542 14.07734241524937),0,0
spring_images/17/3_66_37.tiff,17,POINT (108.0020914000559 14.07149481439885),0,1
spring_images/2/3_66_39.tiff,2,POINT (108.0129798899456 14.0698585758509),0,0
spring_images/2/3_66_40.tiff,2,POINT (108.0148218399167 14.0714527781651),0,0
spring_images/2/3_67_33.tiff,2,POINT (107.9781228717784 14.0652402363765),0,0
spring_images/2/3_67_34.tiff,2,POINT (107.9834009740348 14.06159673007395),0,0
spring_images/2/3_67_36.tiff,2,POINT (107.9945953980553 14.06343329422645),0,0
spring_images/2/3_67_37.tiff,2,POINT (107.9979561488798 14.06621237663904),0,0
spring_images/2/3_67_38.tiff,2,POINT (108.004661493073 14.06175022590488),0,0
spring_images/2/3_67_39.tiff,2,POINT (108.0086092981281 14.0662985497371),0,0
spring_images/2/3_68_32.tiff,2,POINT (107.972697569948 14.05667854163054),0,0
spring_images/2/3_68_33.tiff,2,POINT (107.9750449376508 14.0563026495547),0,0
spring_images/2/3_68_38.tiff,2,POINT (108.0057467355267 14.06041454288487),0,0
spring_images/18/3_68_73.tiff,18,POINT (108.2112032411589 14.05661069187279),0,1
spring_images/2/3_69_32.tiff,2,POINT (107.9711235218804 14.05498702728925),0,0
spring_images/2/3_69_33.tiff,2,POINT (107.9764467018503 14.05504184488364),0,0
spring_images/2/3_69_34.tiff,2,POINT (107.9799452390354 14.05330921734654),0,0
spring_images/2/3_69_72.tiff,2,POINT (108.2079685708395 14.05038393670757),0,0
spring_images/2/3_71_48.tiff,2,POINT (108.0673609382384 14.04007114842832),0,0
spring_images/2/3_71_49.tiff,2,POINT (108.0692429598527 14.03913275622684),0,0
spring_images/2/3_71_50.tiff,2,POINT (108.0756793734369 14.0373091679913),0,0
spring_images/2/3_72_49.tiff,2,POINT (108.0676857399259 14.03635895823229),0,0
spring_images/2/3_72_50.tiff,2,POINT (108.0734437939773 14.03504217777378),0,0
spring_images/2/3_72_81.tiff,2,POINT (108.2590540402632 14.03028880298933),0,0
spring_images/2/3_72_83.tiff,2,POINT (108.2704071650345 14.02831112673525),0,0
spring_images/2/3_73_22.tiff,2,POINT (107.911906980902 14.03080537562456),0,0
spring_images/2/3_73_23.tiff,2,POINT (107.9145241176784 14.0295094504092),0,0
spring_images/2/3_73_24.tiff,2,POINT (107.9227182925219 14.02855813435191),0,0
spring_images/2/3_73_25.tiff,2,POINT (107.9304461704114 14.02835981960474),0,0
spring_images/2/3_73_50.tiff,2,POINT (108.078357952896 14.0302406643317),0,0
spring_images/2/3_73_51.tiff,2,POINT (108.081106935778 14.02808956897958),0,0
spring_images/2/3_73_54.tiff,2,POINT (108.1012043026665 14.02496374931997),0,0
spring_images/2/3_73_55.tiff,2,POINT (108.1036650265149 14.02534087174885),0,0
spring_images/2/3_73_82.tiff,2,POINT (108.2648767420492 14.02468361267053),0,0
spring_images/18/3_73_83.tiff,18,POINT (108.2707592218731 14.02640284590086),0,1
spring_images/2/3_74_22.tiff,2,POINT (107.912776966164 14.02594485776426),0,0
spring_images/2/3_74_23.tiff,2,POINT (107.9148338754128 14.02670898762675),0,0
spring_images/2/3_74_24.tiff,2,POINT (107.9217587050356 14.02376659417039),0,0
spring_images/2/3_74_25.tiff,2,POINT (107.9255458769815 14.02109254370861),0,0
spring_images/2/3_74_26.tiff,2,POINT (107.9314746320178 14.02424012736489),0,0
spring_images/2/3_74_27.tiff,2,POINT (107.9381113246634 14.02563475301918),0,0
spring_images/2/3_74_50.tiff,2,POINT (108.0758418428744 14.02503189416636),0,0
spring_images/2/3_74_51.tiff,2,POINT (108.0807180922577 14.02343969367914),0,0
spring_images/2/3_74_52.tiff,2,POINT (108.0856712438414 14.02229482570975),0,0
spring_images/2/3_74_54.tiff,2,POINT (108.0970327094314 14.01968117460401),0,0
spring_images/2/3_74_55.tiff,2,POINT (108.1045418361621 14.0244640621017),0,0
spring_images/2/3_74_78.tiff,2,POINT (108.2405863623807 14.02134421144818),0,0
spring_images/2/3_75_23.tiff,2,POINT (107.9171227405207 14.01762112574262),0,0
spring_images/2/3_75_24.tiff,2,POINT (107.9235656868569 14.01662573624034),0,0
spring_images/2/3_75_25.tiff,2,POINT (107.9255458769815 14.02109254370861),0,0
spring_images/2/3_75_54.tiff,2,POINT (108.0975253936903 14.01882948010985),0,0
spring_images/2/3_76_22.tiff,2,POINT (107.9118986384731 14.01278637673157),0,0
spring_images/2/3_76_23.tiff,2,POINT (107.9182061576661 14.01397813559143),0,0
spring_images/2/3_76_24.tiff,2,POINT (107.920427162814 14.01449275873547),0,0
spring_images/2/3_76_25.tiff,2,POINT (107.9260880173984 14.01077528365554),0,0
spring_images/18/3_77_25.tiff,18,POINT (107.9250858565389 14.00583219292995),0,1
spring_images/2/3_79_18.tiff,2,POINT (107.8860025035223 13.99583226309424),0,0
spring_images/2/3_80_19.tiff,2,POINT (107.8898464129954 13.99177467119214),0,0
spring_images/18/3_80_54.tiff,18,POINT (108.1013148163385 13.9852254467709),0,1
spring_images/18/3_80_55.tiff,18,POINT (108.1075116391247 13.98597259599056),0,1
spring_images/2/3_80_57.tiff,2,POINT (108.1149742924992 13.98676901741269),0,0
spring_images/18/3_81_55.tiff,18,POINT (108.1077663290318 13.98187602965005),0,1
spring_images/18/3_81_56.tiff,18,POINT (108.1130048628225 13.98239263890349),0,1
spring_images/18/3_83_56.tiff,18,POINT (108.1123464979355 13.97134614475415),0,1
spring_images/18/3_83_57.tiff,18,POINT (108.1145762330216 13.96883002167537),0,1
spring_images/18/3_83_58.tiff,18,POINT (108.1248509718978 13.97065063105758),0,1
spring_images/18/3_83_59.tiff,18,POINT (108.1278941135419 13.97088930883359),0,1
spring_images/18/3_84_57.tiff,18,POINT (108.1145762330216 13.96131745093812),0,1
spring_images/18/3_85_54.tiff,18,POINT (108.1014695783362 13.95841809571882),0,1
spring_images/18/3_85_55.tiff,18,POINT (108.1031525362371 13.95842595083154),0,1
spring_images/18/3_85_57.tiff,18,POINT (108.1168275437911 13.95730655851623),0,1
spring_images/18/3_86_54.tiff,18,POINT (108.0980408216326 13.95478510608433),0,1
spring_images/18/3_86_55.tiff,18,POINT (108.1049392424082 13.95291648187078),0,1
spring_images/2/3_86_56.tiff,2,POINT (108.1130527418159 13.9506135721733),0,0
spring_images/2/3_86_58.tiff,2,POINT (108.1197221377956 13.95256762148738),0,0
spring_images/2/3_87_56.tiff,2,POINT (108.1084091010319 13.94895821561611),0,0
spring_images/2/3_87_57.tiff,2,POINT (108.1141075607198 13.94911998406146),0,0
spring_images/2/3_88_18.tiff,2,POINT (107.8855789271828 13.94562494664405),0,0
spring_images/18/3_88_51.tiff,18,POINT (108.0803236094176 13.94325215853943),0,1
spring_images/18/3_89_37.tiff,18,POINT (107.9982931559225 13.93675715102703),0,1
spring_images/18/3_89_38.tiff,18,POINT (108.0015495896622 13.93807511039215),0,1
spring_images/18/3_89_51.tiff,18,POINT (108.0815046938257 13.93461028037008),0,1
spring_images/2/3_89_56.tiff,2,POINT (108.1118357218789 13.93707907163315),0,0
spring_images/2/3_89_57.tiff,2,POINT (108.1135402689215 13.93720373758016),0,0
spring_images/2/3_90_35.tiff,2,POINT (107.9843912346532 13.93031862572666),0,0
spring_images/18/3_90_50.tiff,18,POINT (108.0759070191309 13.92926628929808),0,1
spring_images/18/3_90_51.tiff,18,POINT (108.0787391264616 13.93147874318937),0,1
spring_images/6/3_91_39.tiff,6,POINT (108.0105678311901 13.92570737763085),0,1
spring_images/6/3_91_40.tiff,6,POINT (108.0127540893526 13.9261523682303),0,1
spring_images/18/3_91_49.tiff,18,POINT (108.069169847507 13.92531132003001),0,1
spring_images/18/3_91_50.tiff,18,POINT (108.0760400990642 13.926351007009),0,1
spring_images/6/3_92_39.tiff,6,POINT (108.0105484837727 13.92157428559575),0,1
spring_images/6/3_92_40.tiff,6,POINT (108.0134312489605 13.92172906493469),0,1
spring_images/18/3_92_50.tiff,18,POINT (108.0747092997311 13.92040399748919),0,1
spring_images/2/3_93_42.tiff,2,POINT (108.0286552239146 13.91481505006418),0,0
spring_images/6/3_93_58.tiff,6,POINT (108.1223896837142 13.9092578081316),0,1
spring_images/6/3_93_59.tiff,6,POINT (108.1303422522045 13.90950504898842),0,1
spring_images/6/3_93_60.tiff,6,POINT (108.1328244914902 13.90966102602346),0,1
spring_images/15/3_93_61.tiff,15,POINT (108.1373775962329 13.91026093147919),0,1
spring_images/6/3_94_58.tiff,6,POINT (108.1211125911583 13.90354831739123),0,1
spring_images/6/3_94_59.tiff,6,POINT (108.1285094117131 13.90505386493778),0,1
spring_images/6/3_94_60.tiff,6,POINT (108.1332878887086 13.90786858426392),0,1
spring_images/6/3_94_62.tiff,6,POINT (108.1459376772322 13.90351481669463),0,1
spring_images/6/3_95_58.tiff,6,POINT (108.1211125911583 13.90158455972183),0,1
spring_images/6/3_95_59.tiff,6,POINT (108.1251055650861 13.89850800603977),0,1
spring_images/6/3_95_60.tiff,6,POINT (108.1308584680093 13.90131497003268),0,1
spring_images/6/3_95_61.tiff,6,POINT (108.1421902568099 13.90230460420061),0,1
spring_images/6/3_95_62.tiff,6,POINT (108.1477319122536 13.90156788082028),0,1
spring_images/6/3_95_63.tiff,6,POINT (108.1486290297643 13.90233138508473),0,1
spring_images/6/3_96_58.tiff,6,POINT (108.1234715642507 13.89658124359308),0,1
spring_images/6/3_96_59.tiff,6,POINT (108.1256093761912 13.89616131624764),0,1
spring_images/2/0_3_57.tiff,2,POINT (108.0905327530469 11.72308824951068),0,0
spring_images/2/0_14_66.tiff,2,POINT (108.1384726558943 11.65841128164466),0,0
spring_images/2/0_15_60.tiff,2,POINT (108.1065968832552 11.65447302634824),0,0
spring_images/2/0_15_61.tiff,2,POINT (108.1146276870217 11.65235869352196),0,0
spring_images/2/0_15_62.tiff,2,POINT (108.1163447838719 11.6522777946466),0,0
spring_images/2/0_15_66.tiff,2,POINT (108.1396200611075 11.65554701826078),0,0
spring_images/2/0_16_61.tiff,2,POINT (108.1139834112935 11.65025313630624),0,0
spring_images/2/0_16_68.tiff,2,POINT (108.1524266914943 11.64712247795229),0,0
spring_images/2/0_16_69.tiff,2,POINT (108.1566531964539 11.64907583650314),0,0
spring_images/2/0_16_70.tiff,2,POINT (108.1647312827664 11.64516494719886),0,0
spring_images/2/0_17_65.tiff,2,POINT (108.1378063198397 11.64298736753511),0,0
spring_images/2/0_17_66.tiff,2,POINT (108.1404881541451 11.64112681070875),0,0
spring_images/2/0_17_68.tiff,2,POINT (108.1544223215772 11.64012616503474),0,0
spring_images/2/0_17_69.tiff,2,POINT (108.1563269760533 11.64301094909924),0,0
spring_images/2/0_17_70.tiff,2,POINT (108.1638424870811 11.63909946413612),0,0
spring_images/2/0_17_71.tiff,2,POINT (108.1684720841023 11.63857515272033),0,0
spring_images/2/0_18_70.tiff,2,POINT (108.1667306440933 11.63739180935401),0,0
spring_images/2/0_18_71.tiff,2,POINT (108.1676246974233 11.63680441899667),0,0
spring_images/2/0_18_72.tiff,2,POINT (108.1734127791271 11.63758527905937),0,0
spring_images/2/0_19_71.tiff,2,POINT (108.1728407734814 11.63254785255758),0,0
spring_images/2/0_19_72.tiff,2,POINT (108.1740359470679 11.63197287385362),0,0
spring_images/2/0_20_59.tiff,2,POINT (108.0998399972835 11.62356049972427),0,0
spring_images/2/0_20_60.tiff,2,POINT (108.1064572707546 11.62229143357914),0,0
spring_images/2/0_21_58.tiff,2,POINT (108.0962140940117 11.61737002528417),0,0
spring_images/2/0_21_60.tiff,2,POINT (108.1066763357439 11.6208429607617),0,0
spring_images/2/0_21_61.tiff,2,POINT (108.1113069163806 11.62107713368134),0,0
spring_images/2/0_22_60.tiff,2,POINT (108.1035521371794 11.61169398617803),0,0
spring_images/2/0_22_61.tiff,2,POINT (108.1109443260534 11.61556273912213),0,0
spring_images/2/0_23_58.tiff,2,POINT (108.094896949216 11.60726882969113),0,0
spring_images/2/0_23_59.tiff,2,POINT (108.098053793135 11.60890997040399),0,0
spring_images/2/0_23_60.tiff,2,POINT (108.1042559809671 11.61013995484484),0,0
spring_images/2/0_23_61.tiff,2,POINT (108.1097055437588 11.60835595474933),0,0
spring_images/2/0_24_52.tiff,2,POINT (108.0608727099514 11.60320951028644),0,0
spring_images/2/0_24_53.tiff,2,POINT (108.0621864659666 11.60331534063211),0,0
spring_images/2/0_24_54.tiff,2,POINT (108.0694749168772 11.60118332377962),0,0
spring_images/2/0_24_55.tiff,2,POINT (108.0758796129411 11.60134723965509),0,0
spring_images/2/0_24_70.tiff,2,POINT (108.1648788565189 11.59887640487918),0,0
spring_images/2/0_25_52.tiff,2,POINT (108.0592262036563 11.59433494516816),0,0
spring_images/2/0_25_53.tiff,2,POINT (108.065188825967 11.59576174157177),0,0
spring_images/18/0_25_65.tiff,18,POINT (108.1318466755347 11.59479740784991),0,1
spring_images/2/0_25_69.tiff,2,POINT (108.1606022044014 11.59343975432078),0,0
spring_images/2/0_25_70.tiff,2,POINT (108.165972291323 11.59774968285319),0,0
spring_images/2/0_26_52.tiff,2,POINT (108.0609558749998 11.59095588258571),0,0
spring_images/2/0_26_53.tiff,2,POINT (108.0636416094066 11.59227867976296),0,0
spring_images/18/0_26_64.tiff,18,POINT (108.1316148984318 11.59241544158208),0,1
spring_images/18/0_26_65.tiff,18,POINT (108.1343475310467 11.59174411766409),0,1
spring_images/18/0_27_61.tiff,18,POINT (108.1086845411911 11.5828942247847),0,1
spring_images/2/0_27_72.tiff,2,POINT (108.1769418869432 11.58500416244049),0,0
spring_images/2/0_27_73.tiff,2,POINT (108.1798052888527 11.58348878423392),0,0
spring_images/18/0_28_56.tiff,18,POINT (108.0827254736761 11.57633435128728),0,1
spring_images/18/0_28_57.tiff,18,POINT (108.0852834187482 11.57759048502808),0,1
spring_images/18/0_28_60.tiff,18,POINT (108.1077386493351 11.57751276185903),0,1
spring_images/18/0_28_61.tiff,18,POINT (108.1092606399347 11.58101898444875),0,1
spring_images/18/0_29_56.tiff,18,POINT (108.0824285693373 11.57556925164515),0,1
spring_images/18/0_29_60.tiff,18,POINT (108.1051278062392 11.57058833213995),0,1
spring_images/2/0_29_81.tiff,2,POINT (108.229439616471 11.57208773050179),0,0
spring_images/18/0_30_53.tiff,18,POINT (108.0665828313364 11.56776106670184),0,1
spring_images/18/0_30_59.tiff,18,POINT (108.1018554671078 11.56406943385979),0,1
spring_images/18/0_30_60.tiff,18,POINT (108.102398565409 11.56403506054959),0,1
spring_images/18/0_31_59.tiff,18,POINT (108.1014086140752 11.56244701361817),0,1
spring_images/18/0_31_60.tiff,18,POINT (108.1021717015617 11.56234389368756),0,1
spring_images/17/0_32_54.tiff,17,POINT (108.0715637588129 11.55643428144401),0,1
spring_images/18/0_32_59.tiff,18,POINT (108.1004249430104 11.55524946735126),0,1
spring_images/18/0_33_59.tiff,18,POINT (108.1004180830804 11.5513217753691),0,1
spring_images/2/0_33_80.tiff,2,POINT (108.2230798934059 11.54818840231028),0,0
spring_images/2/0_33_81.tiff,2,POINT (108.2251567148537 11.54829954718898),0,0
spring_images/2/0_34_80.tiff,2,POINT (108.222633726107 11.54532165833165),0,0
spring_images/2/0_35_85.tiff,2,POINT (108.2534202645465 11.53868351853129),0,0
spring_images/2/0_75_56.tiff,2,POINT (108.0796872360324 11.3088324949746),0,0
spring_images/2/1_159_57.tiff,2,POINT (108.0905327530469 11.72308824951068),0,0
spring_images/2/1_170_66.tiff,2,POINT (108.1384726558943 11.65841128164466),0,0
spring_images/2/1_140_75.tiff,2,POINT (108.1944367316401 11.83291173411609),0,0
spring_images/2/1_141_74.tiff,2,POINT (108.1917190775838 11.82904135846264),0,0
spring_images/2/1_141_77.tiff,2,POINT (108.2098741604924 11.82804876293668),0,0
spring_images/2/1_146_75.tiff,2,POINT (108.1978130632845 11.79978978999008),0,0
spring_images/2/1_149_76.tiff,2,POINT (108.1987732919778 11.78174543569235),0,0
spring_images/2/1_151_75.tiff,2,POINT (108.1936577113496 11.7700478012148),0,0
spring_images/27/0_27_132.tiff,27,POINT (108.5288075052578 11.57956697043643),1,1
spring_images/27/0_28_127.tiff,27,POINT (108.4960865735315 11.57580744287944),1,1
spring_images/27/0_28_128.tiff,27,POINT (108.5014533108328 11.57117543003292),1,1
spring_images/27/0_28_132.tiff,27,POINT (108.5281833643306 11.57501523998129),1,1
spring_images/27/0_28_133.tiff,27,POINT (108.5301963593929 11.5759205254702),1,1
spring_images/4/0_29_127.tiff,4,POINT (108.4971386789582 11.56653841906085),1,1
spring_images/4/0_29_129.tiff,4,POINT (108.5091291821347 11.56668336470158),1,1
spring_images/27/0_29_134.tiff,27,POINT (108.5387319082884 11.56527639236139),1,1
spring_images/27/0_30_133.tiff,27,POINT (108.5323555496272 11.56444420445853),1,1
spring_images/27/0_30_134.tiff,27,POINT (108.5374871407414 11.559763147505),1,1
spring_images/27/0_31_130.tiff,27,POINT (108.5152282229239 11.55500899296536),1,1
spring_images/27/0_31_131.tiff,27,POINT (108.5228022574182 11.55820841807836),1,1
spring_images/27/0_31_134.tiff,27,POINT (108.5399837044499 11.55733405849127),1,1
spring_images/27/0_32_128.tiff,27,POINT (108.503459511568 11.55087616790726),1,1
spring_images/27/0_32_129.tiff,27,POINT (108.5107657558671 11.54851455358834),1,1
spring_images/27/0_32_134.tiff,27,POINT (108.5377935883137 11.55132318776051),1,1
spring_images/27/0_33_108.tiff,27,POINT (108.3837696613512 11.54697866818074),1,1
spring_images/27/0_33_113.tiff,27,POINT (108.4141333553377 11.54872103031053),1,1
spring_images/27/0_33_131.tiff,27,POINT (108.5233448664225 11.54319529847957),1,1
spring_images/27/0_33_132.tiff,27,POINT (108.524252963357 11.54476408513427),1,1
spring_images/27/0_33_133.tiff,27,POINT (108.5299587922383 11.54578885706194),1,1
spring_images/27/0_34_122.tiff,27,POINT (108.4693552705025 11.54156114571433),1,1
spring_images/27/0_34_123.tiff,27,POINT (108.475541153723 11.54226470998017),1,1
spring_images/27/0_34_130.tiff,27,POINT (108.5156147966965 11.5399073128296),1,1
spring_images/27/0_35_121.tiff,27,POINT (108.4637956367934 11.5315327191958),1,1
spring_images/27/0_35_124.tiff,27,POINT (108.4819688212665 11.5342092154239),1,1
spring_images/27/0_35_131.tiff,27,POINT (108.5225084613513 11.53272688072187),1,1
spring_images/27/0_35_132.tiff,27,POINT (108.5293704972429 11.53262145151122),1,1
spring_images/27/0_35_133.tiff,27,POINT (108.5311023477434 11.53251461657775),1,1
spring_images/27/0_36_123.tiff,27,POINT (108.4741417566667 11.53036315781882),1,1
spring_images/27/0_36_132.tiff,27,POINT (108.5252411864918 11.52823700207033),1,1
spring_images/27/0_36_134.tiff,27,POINT (108.5393173918387 11.52800505780688),1,1
spring_images/27/0_36_135.tiff,27,POINT (108.5428316988608 11.52724034459885),1,1
spring_images/27/0_37_133.tiff,27,POINT (108.533534248203 11.5212126051944),1,1
spring_images/27/0_37_135.tiff,27,POINT (108.542882304882 11.51898031737389),1,1
spring_images/27/0_37_136.tiff,27,POINT (108.5509567766961 11.52111139315215),1,1
spring_images/27/0_38_133.tiff,27,POINT (108.534189315032 11.51853048607507),1,1
spring_images/27/0_38_135.tiff,27,POINT (108.5452889023308 11.51697856809405),1,1
spring_images/4/4_55_105.tiff,4,POINT (107.4603536646113 12.33123994062604),1,1
spring_images/4/4_55_106.tiff,4,POINT (107.4648913778749 12.32993586931219),1,1
spring_images/4/4_55_110.tiff,4,POINT (107.489486769399 12.33080019564811),1,1
spring_images/4/4_56_99.tiff,4,POINT (107.4267662464697 12.32416990283437),1,1
spring_images/4/4_56_101.tiff,4,POINT (107.4339992931756 12.32420023007423),1,1
spring_images/4/4_56_102.tiff,4,POINT (107.4404172953103 12.32467030229201),1,1
spring_images/4/4_56_103.tiff,4,POINT (107.4502016210692 12.32583790102651),1,1
spring_images/4/4_56_104.tiff,4,POINT (107.4548720160072 12.32506455641016),1,1
spring_images/4/4_56_107.tiff,4,POINT (107.4704298900538 12.32858630713855),1,1
spring_images/4/4_56_109.tiff,4,POINT (107.4825683678066 12.32601986446565),1,1
spring_images/4/4_57_99.tiff,4,POINT (107.4232786138861 12.32056096129139),1,1
spring_images/4/4_57_101.tiff,4,POINT (107.4371229988808 12.32119404242341),1,1
spring_images/4/4_57_103.tiff,4,POINT (107.4463007798426 12.32242229563762),1,1
spring_images/4/4_57_105.tiff,4,POINT (107.458932075243 12.3208339064501),1,1
spring_images/4/4_57_106.tiff,4,POINT (107.4627267711301 12.32256255912195),1,1
spring_images/4/4_57_108.tiff,4,POINT (107.4741336042214 12.32152764206184),1,1
spring_images/4/4_58_102.tiff,4,POINT (107.4432832194768 12.31293745137234),1,1
spring_images/4/4_59_102.tiff,4,POINT (107.4432832194768 12.30943086426388),1,1
spring_images/4/4_59_103.tiff,4,POINT (107.4467594793454 12.31062879023823),1,1
spring_images/4/4_59_104.tiff,4,POINT (107.4521766825649 12.31067428109801),1,1
spring_images/4/4_59_105.tiff,4,POINT (107.457669703884 12.30715253036962),1,1
spring_images/4/4_59_107.tiff,4,POINT (107.4700432760117 12.31013185627785),1,1
spring_images/4/4_60_102.tiff,4,POINT (107.441129985447 12.30386202484513),1,1
spring_images/4/4_60_105.tiff,4,POINT (107.4572602861459 12.3031910346633),1,1
spring_images/4/4_60_106.tiff,4,POINT (107.4679215756772 12.30373802466828),1,1
spring_images/4/4_60_107.tiff,4,POINT (107.4716311291652 12.30413498795667),1,1
spring_images/4/4_61_105.tiff,4,POINT (107.4565627596292 12.29603001515207),1,1
spring_images/10/4_62_104.tiff,10,POINT (107.4547269240879 12.29106713637955),1,1
spring_images/10/4_62_105.tiff,10,POINT (107.4579582966908 12.28933090550364),1,1
spring_images/10/4_62_110.tiff,10,POINT (107.4886841988603 12.2886981520747),1,1
spring_images/4/4_63_99.tiff,4,POINT (107.4234681591352 12.28463834568078),1,1
spring_images/4/4_63_103.tiff,4,POINT (107.4448147450896 12.28762936971168),1,1
spring_images/10/4_63_105.tiff,10,POINT (107.4588125037767 12.28808406288001),1,1
spring_images/10/4_63_110.tiff,10,POINT (107.4883991017426 12.28831600061913),1,1
spring_images/4/4_64_99.tiff,4,POINT (107.4232710320761 12.2803735775759),1,1
spring_images/4/4_64_102.tiff,4,POINT (107.4437836189344 12.27815968906634),1,1
spring_images/4/4_65_99.tiff,4,POINT (107.4265046740259 12.27328458525932),1,1
spring_images/4/4_65_102.tiff,4,POINT (107.4420246390227 12.27664332707348),1,1
spring_images/4/4_66_99.tiff,4,POINT (107.4265046740259 12.27009643416936),1,1
spring_images/4/4_66_102.tiff,4,POINT (107.4422672569416 12.26900844443949),1,1
spring_images/4/4_67_99.tiff,4,POINT (107.4242301310366 12.26162755243929),1,1
spring_images/4/4_68_102.tiff,4,POINT (107.440280822731 12.25867064655323),1,1
spring_images/4/4_83_81.tiff,4,POINT (107.3168806168621 12.16925140571306),1,1
spring_images/4/4_85_80.tiff,4,POINT (107.3090464586463 12.16093923106371),1,1
spring_images/4/4_85_81.tiff,4,POINT (107.3180690188287 12.1604811319816),1,1
spring_images/4/4_85_82.tiff,4,POINT (107.3239844721934 12.15872840505873),1,1
spring_images/4/4_85_83.tiff,4,POINT (107.3275430389762 12.1570022346044),1,1
spring_images/4/4_86_78.tiff,4,POINT (107.300687810177 12.15376234544395),1,1
spring_images/4/4_86_81.tiff,4,POINT (107.3186798176049 12.15490427359066),1,1
spring_images/4/4_86_82.tiff,4,POINT (107.3251529568087 12.15216895733225),1,1
spring_images/4/4_86_83.tiff,4,POINT (107.3275430389762 12.1570022346044),1,1
spring_images/4/4_87_83.tiff,4,POINT (107.3285588238974 12.14841785615263),1,1
spring_images/4/4_88_78.tiff,4,POINT (107.3007674795826 12.14549664461452),1,1
spring_images/4/4_88_81.tiff,4,POINT (107.3186532611363 12.14329245772667),1,1
spring_images/4/4_88_82.tiff,4,POINT (107.3237521030938 12.14448749881045),1,1
spring_images/27/0_23_67.tiff,27,POINT (108.1490224761564 11.60462659726757),1,1
spring_images/27/0_23_68.tiff,27,POINT (108.1496687769773 11.60553714916301),1,1
spring_images/27/0_24_72.tiff,27,POINT (108.1762913585323 11.5979482605645),1,1
spring_images/9/0_25_50.tiff,9,POINT (108.0446275358551 11.59375745357627),1,1
spring_images/27/0_25_67.tiff,27,POINT (108.1445835204968 11.59543033976295),1,1
spring_images/27/0_25_72.tiff,27,POINT (108.1756208688196 11.59629607270642),1,1
spring_images/27/0_25_74.tiff,27,POINT (108.1902679063547 11.59647571334643),1,1
spring_images/27/0_26_76.tiff,27,POINT (108.1989083681241 11.58811103791182),1,1
spring_images/27/0_27_75.tiff,27,POINT (108.1941296732738 11.581430760505),1,1
spring_images/27/0_30_82.tiff,27,POINT (108.2353222848981 11.56356858427724),1,1
spring_images/27/0_31_83.tiff,27,POINT (108.2393452231742 11.56227061739945),1,1
spring_images/9/0_32_56.tiff,9,POINT (108.0797770078448 11.55539803334197),1,1
spring_images/27/0_32_81.tiff,27,POINT (108.2259101274218 11.55669922740942),1,1
spring_images/27/0_32_83.tiff,27,POINT (108.2383192474062 11.55286352022281),1,1
spring_images/27/0_32_84.tiff,27,POINT (108.2442296774774 11.55126446551177),1,1
spring_images/10/0_33_54.tiff,10,POINT (108.0716431318267 11.55043208798354),1,1
spring_images/9/0_33_55.tiff,9,POINT (108.0775838250804 11.55042550184911),1,1
spring_images/27/0_33_78.tiff,27,POINT (108.2111492331429 11.55066735014499),1,1
spring_images/27/0_33_79.tiff,27,POINT (108.2183652205414 11.54606247740118),1,1
spring_images/27/0_33_82.tiff,27,POINT (108.2338092552821 11.54681140175951),1,1
spring_images/27/0_33_83.tiff,27,POINT (108.2402269804001 11.54737815532799),1,1
spring_images/27/0_33_84.tiff,27,POINT (108.2465637407227 11.54978432784415),1,1
spring_images/27/0_34_83.tiff,27,POINT (108.2394666703675 11.54402317661467),1,1
spring_images/27/0_34_84.tiff,27,POINT (108.2475833911158 11.54335015675207),1,1
spring_images/27/0_35_86.tiff,27,POINT (108.254965127751 11.53734054085923),1,1
spring_images/4/0_39_79.tiff,4,POINT (108.2185196138754 11.51485373031002),1,1
spring_images/4/0_39_80.tiff,4,POINT (108.2212981229795 11.51298878995895),1,1
spring_images/4/0_40_79.tiff,4,POINT (108.2144636836355 11.51035991711609),1,1
spring_images/4/0_40_81.tiff,4,POINT (108.2284140797376 11.50618250564469),1,1
spring_images/4/0_40_82.tiff,4,POINT (108.2359230986212 11.50874857084992),1,1
spring_images/4/0_40_83.tiff,4,POINT (108.2374352124193 11.50871706847913),1,1
spring_images/4/0_41_81.tiff,4,POINT (108.2284015966244 11.50426010620111),1,1
spring_images/4/0_41_82.tiff,4,POINT (108.2318719021134 11.50133905769593),1,1
spring_images/4/0_41_83.tiff,4,POINT (108.2393211999573 11.49978803087213),1,1
spring_images/4/0_42_80.tiff,4,POINT (108.2235706317889 11.49374308327114),1,1
spring_images/4/0_42_81.tiff,4,POINT (108.2301117831424 11.49411757666924),1,1
spring_images/4/0_42_82.tiff,4,POINT (108.2307359388059 11.49660171620997),1,1
spring_images/4/0_42_84.tiff,4,POINT (108.2460216214637 11.494818536745),1,1
spring_images/4/0_43_82.tiff,4,POINT (108.2323088110779 11.49158350467543),1,1
spring_images/4/0_43_84.tiff,4,POINT (108.2473206744206 11.49001518367439),1,1
spring_images/4/0_43_85.tiff,4,POINT (108.2481378206354 11.49020375587781),1,1
spring_images/4/0_43_87.tiff,4,POINT (108.2598423925398 11.49172804785551),1,1
spring_images/4/0_44_85.tiff,4,POINT (108.2531926033106 11.48710017169642),1,1
spring_images/4/0_44_86.tiff,4,POINT (108.2554083267009 11.48671255105604),1,1
spring_images/4/0_45_82.tiff,4,POINT (108.2319827734633 11.47607492710108),1,1
spring_images/4/0_46_52.tiff,4,POINT (108.0556149997398 11.47236278952258),1,1
spring_images/4/0_46_81.tiff,4,POINT (108.2282147981929 11.47549432713802),1,1
spring_images/4/0_46_82.tiff,4,POINT (108.2327229288537 11.47148969692039),1,1
spring_images/4/0_46_83.tiff,4,POINT (108.2386300505913 11.47528104551894),1,1
spring_images/4/0_47_51.tiff,4,POINT (108.0506764957721 11.4704044172595),1,1
spring_images/4/0_47_55.tiff,4,POINT (108.0752986551261 11.46665269160896),1,1
spring_images/4/0_47_57.tiff,4,POINT (108.0886420624228 11.46648449739934),1,1
spring_images/4/0_47_59.tiff,4,POINT (108.0990140386829 11.46911954001677),1,1
spring_images/4/0_47_60.tiff,4,POINT (108.1045083828639 11.46693301529167),1,1
spring_images/4/0_47_61.tiff,4,POINT (108.1103951802007 11.46754972739362),1,1
spring_images/4/0_47_63.tiff,4,POINT (108.119029149628 11.46682088581859),1,1
spring_images/4/0_47_64.tiff,4,POINT (108.1268782127438 11.47052115843029),1,1
spring_images/4/0_47_65.tiff,4,POINT (108.131251262194 11.46726940371092),1,1
spring_images/4/0_47_68.tiff,4,POINT (108.1533395434733 11.46558060253486),1,1
spring_images/4/0_47_71.tiff,4,POINT (108.1659553341128 11.46726940371092),1,1
spring_images/4/0_47_73.tiff,4,POINT (108.1812210577672 11.46549622365295),1,1
spring_images/4/0_47_74.tiff,4,POINT (108.1842028149802 11.46617208862122),1,1
spring_images/4/0_47_75.tiff,4,POINT (108.189450707675 11.46501914249888),1,1
spring_images/4/0_47_76.tiff,4,POINT (108.1982469326336 11.46561281715234),1,1
spring_images/4/0_48_59.tiff,4,POINT (108.0985094560541 11.46480255530311),1,1
spring_images/4/0_48_66.tiff,4,POINT (108.1413003612191 11.45982679356254),1,1
spring_images/4/0_48_67.tiff,4,POINT (108.1477266259094 11.45979795426154),1,1
spring_images/4/0_48_68.tiff,4,POINT (108.1489504957972 11.4637771675865),1,1
spring_images/4/0_48_69.tiff,4,POINT (108.1540684971461 11.46130324877592),1,1
spring_images/4/0_48_70.tiff,4,POINT (108.1619186730819 11.46390551951846),1,1
spring_images/4/0_48_74.tiff,4,POINT (108.1836462203004 11.46386619637654),1,1
spring_images/4/0_48_75.tiff,4,POINT (108.1897290050148 11.45957246598988),1,1
spring_images/4/0_48_76.tiff,4,POINT (108.1951756815238 11.46299154759407),1,1
spring_images/4/0_48_77.tiff,4,POINT (108.2053136560478 11.46458181810764),1,1
spring_images/4/0_49_52.tiff,4,POINT (108.0557186304821 11.45607293527472),1,1
spring_images/4/0_49_55.tiff,4,POINT (108.0723272240894 11.45594432692964),1,1
spring_images/4/0_49_57.tiff,4,POINT (108.0885299329498 11.45583219745656),1,1
spring_images/4/0_49_58.tiff,4,POINT (108.0908846518845 11.45678529797775),1,1
spring_images/4/0_49_60.tiff,4,POINT (108.1058539365409 11.4568413627143),1,1
spring_images/4/0_49_66.tiff,4,POINT (108.1419035621368 11.457121686397),1,1
spring_images/4/0_49_67.tiff,4,POINT (108.1461602780104 11.45425997978344),1,1
spring_images/4/0_49_68.tiff,4,POINT (108.1520919800011 11.45875733761899),1,1
spring_images/4/0_49_69.tiff,4,POINT (108.1539361127742 11.45386538827756),1,1
spring_images/4/0_49_70.tiff,4,POINT (108.1644038444584 11.4557077240311),1,1
spring_images/4/0_49_72.tiff,4,POINT (108.1745893035401 11.4583551106009),1,1
spring_images/4/0_49_73.tiff,4,POINT (108.1824932741781 11.45539800589175),1,1
spring_images/4/0_49_74.tiff,4,POINT (108.1853955178653 11.45376797861534),1,1
spring_images/4/0_49_75.tiff,4,POINT (108.1904048699831 11.45667022230261),1,1
spring_images/4/0_49_76.tiff,4,POINT (108.1978791413969 11.45500043826336),1,1
spring_images/4/0_49_78.tiff,4,POINT (108.2068244130357 11.45305235688423),1,1
spring_images/4/0_49_79.tiff,4,POINT (108.2134637924299 11.45344992451262),1,1
spring_images/4/0_50_49.tiff,4,POINT (108.0370587384373 11.45249090242682),1,1
spring_images/4/0_50_51.tiff,4,POINT (108.053636053245 11.45351830719714),1,1
spring_images/4/0_50_52.tiff,4,POINT (108.0582732585597 11.45151903304948),1,1
spring_images/4/0_50_53.tiff,4,POINT (108.0606335127618 11.45424026730602),1,1
spring_images/4/0_50_54.tiff,4,POINT (108.0688512104239 11.45364567273146),1,1
spring_images/4/0_50_55.tiff,4,POINT (108.0765881440665 11.44899229959856),1,1
spring_images/4/0_50_57.tiff,4,POINT (108.0853342429669 11.45431844956995),1,1
spring_images/4/0_50_59.tiff,4,POINT (108.095706219227 11.45302896062951),1,1
spring_images/4/0_50_62.tiff,4,POINT (108.1171229485857 11.44983327064668),1,1
spring_images/4/0_50_63.tiff,4,POINT (108.1191973438377 11.45302896062951),1,1
spring_images/4/0_50_64.tiff,4,POINT (108.126485759588 11.4524683132641),1,1
spring_images/4/0_50_65.tiff,4,POINT (108.1342556111309 11.45151960900894),1,1
spring_images/4/0_50_66.tiff,4,POINT (108.1388760663636 11.45375780220454),1,1
spring_images/4/0_50_67.tiff,4,POINT (108.1426439672673 11.45282833894483),1,1
spring_images/4/0_50_68.tiff,4,POINT (108.1497162840336 11.45150677677618),1,1
spring_images/4/0_50_69.tiff,4,POINT (108.1578270195026 11.45341612894397),1,1
spring_images/4/0_50_70.tiff,4,POINT (108.1607875132014 11.44993881464503),1,1
spring_images/4/0_50_73.tiff,4,POINT (108.1814993551071 11.45301260012139),1,1
spring_images/4/0_50_74.tiff,4,POINT (108.1853955178653 11.44911643736313),1,1
spring_images/4/0_50_75.tiff,4,POINT (108.1904446267459 11.44772495066375),1,1
spring_images/4/0_50_76.tiff,4,POINT (108.1976406008199 11.4497923023314),1,1
spring_images/4/0_50_77.tiff,4,POINT (108.2027692232261 11.44907668060029),1,1
spring_images/4/0_50_78.tiff,4,POINT (108.2068244130357 11.45305235688423),1,1
spring_images/4/0_50_79.tiff,4,POINT (108.2150540629435 11.45066695111387),1,1
spring_images/4/0_51_47.tiff,4,POINT (108.0304777943679 11.44357747185182),1,1
spring_images/4/0_51_48.tiff,4,POINT (108.0350039288966 11.44335533027986),1,1
spring_images/4/0_51_49.tiff,4,POINT (108.0406685389817 11.44593772605392),1,1
spring_images/4/0_51_50.tiff,4,POINT (108.0472772507476 11.44807583868406),1,1
spring_images/4/0_51_51.tiff,4,POINT (108.0527474869572 11.4437163103343),1,1
spring_images/4/0_51_52.tiff,4,POINT (108.056440590591 11.44774262632612),1,1
spring_images/4/0_51_60.tiff,4,POINT (108.1054054186486 11.4475346164485),1,1
spring_images/4/0_51_63.tiff,4,POINT (108.1204868327781 11.44652545119076),1,1
spring_images/4/0_51_64.tiff,4,POINT (108.1297935790439 11.4465815159273),1,1
spring_images/4/0_51_65.tiff,4,POINT (108.1352068832808 11.44799197478658),1,1
spring_images/4/0_51_66.tiff,4,POINT (108.1382588814282 11.44501924931829),1,1
spring_images/4/0_51_67.tiff,4,POINT (108.1420639700276 11.44723888433461),1,1
spring_images/4/0_51_68.tiff,4,POINT (108.1492066428667 11.44397617322734),1,1
spring_images/4/0_51_69.tiff,4,POINT (108.1592879012154 11.44552563369569),1,1
spring_images/4/0_51_70.tiff,4,POINT (108.1612095708101 11.44237409073742),1,1
spring_images/4/0_51_71.tiff,4,POINT (108.1704213270678 11.44394169963322),1,1
spring_images/4/0_51_72.tiff,4,POINT (108.1719199217355 11.44242995939828),1,1
spring_images/4/0_51_73.tiff,4,POINT (108.1827318147551 11.44637322072721),1,1
spring_images/4/0_51_74.tiff,4,POINT (108.1836462203004 11.44458416639944),1,1
spring_images/4/0_51_75.tiff,4,POINT (108.1896097347263 11.44541905841907),1,1
spring_images/4/0_51_76.tiff,4,POINT (108.1953426687545 11.44420299771125),1,1
spring_images/4/0_51_77.tiff,4,POINT (108.2027692232261 11.44541905841907),1,1
spring_images/4/0_51_78.tiff,4,POINT (108.2111976569481 11.4469695721698),1,1
spring_images/4/0_51_79.tiff,4,POINT (108.212708413936 11.44299389588587),1,1
spring_images/4/0_52_47.tiff,4,POINT (108.0279231662903 11.43985660052145),1,1
spring_images/4/0_52_48.tiff,4,POINT (108.0350039288966 11.44335533027986),1,1
spring_images/4/0_52_50.tiff,4,POINT (108.0466941291212 11.44116168225673),1,1
spring_images/4/0_52_51.tiff,4,POINT (108.0482148125462 11.43750352946863),1,1
spring_images/4/0_52_52.tiff,4,POINT (108.0551391878601 11.44159163930731),1,1
spring_images/4/0_52_58.tiff,4,POINT (108.0940242771308 11.44136749542899),1,1
spring_images/4/0_52_60.tiff,4,POINT (108.1060221307505 11.43688231650571),1,1
spring_images/4/0_52_63.tiff,4,POINT (108.1222248396109 11.43833999965578),1,1
spring_images/4/0_52_67.tiff,4,POINT (108.146951028696 11.43698676836387),1,1
spring_images/4/0_52_68.tiff,4,POINT (108.1532263020037 11.44109970411253),1,1
spring_images/4/0_52_69.tiff,4,POINT (108.1559844900048 11.43670584648287),1,1
spring_images/4/0_52_70.tiff,4,POINT (108.1637779747056 11.43728314164589),1,1
spring_images/4/0_52_71.tiff,4,POINT (108.1665361627067 11.44132420778704),1,1
spring_images/4/0_52_72.tiff,4,POINT (108.1744017528894 11.4415229879543),1,1
spring_images/4/0_52_75.tiff,4,POINT (108.1900470591175 11.44092654421822),1,1
spring_images/4/0_52_76.tiff,4,POINT (108.1976375919613 11.43916184286999),1,1
spring_images/4/0_52_77.tiff,4,POINT (108.20058260127 11.439495300756),1,1
spring_images/4/0_52_78.tiff,4,POINT (108.2095278729088 11.44108557126958),1,1
spring_images/4/0_53_48.tiff,4,POINT (108.0316995730137 11.43319235336257),1,1
spring_images/4/0_53_49.tiff,4,POINT (108.0388081033165 11.43469180897332),1,1
spring_images/4/0_53_50.tiff,4,POINT (108.0475522474329 11.43424859794123),1,1
spring_images/4/0_53_52.tiff,4,POINT (108.0553366166162 11.43459702052044),1,1
spring_images/4/0_53_59.tiff,4,POINT (108.0994064918387 11.43654592808647),1,1
spring_images/4/0_53_62.tiff,4,POINT (108.1168986896395 11.4335744970498),1,1
spring_images/4/0_53_66.tiff,4,POINT (108.1398843693472 11.43555125615683),1,1
spring_images/4/0_53_67.tiff,4,POINT (108.1450479538609 11.43147811806218),1,1
spring_images/4/0_53_68.tiff,4,POINT (108.149473883444 11.43179883759719),1,1
spring_images/4/0_53_69.tiff,4,POINT (108.1541623091507 11.43066493822573),1,1
spring_images/4/0_53_70.tiff,4,POINT (108.161104406272 11.43082899629102),1,1
spring_images/4/0_53_71.tiff,4,POINT (108.1695405740614 11.43582431184995),1,1
spring_images/4/0_53_72.tiff,4,POINT (108.1715239687726 11.43465016235773),1,1
spring_images/4/0_54_61.tiff,4,POINT (108.1102830507277 11.42740737603029),1,1
spring_images/4/0_54_64.tiff,4,POINT (108.126485759588 11.42566936919752),1,1
spring_images/4/0_54_66.tiff,4,POINT (108.1399485132542 11.42987452038712),1,1
spring_images/4/0_54_68.tiff,4,POINT (108.1527342275668 11.42745559359096),1,1
spring_images/4/0_54_69.tiff,4,POINT (108.1534760267683 11.42591529715969),1,1
spring_images/4/0_54_70.tiff,4,POINT (108.1613886141697 11.42471895386181),1,1
spring_images/4/0_54_71.tiff,4,POINT (108.1695142829268 11.42778251107843),1,1
spring_images/4/0_54_72.tiff,4,POINT (108.1720382318408 11.42788767561651),1,1
spring_images/4/0_55_44.tiff,4,POINT (108.0120199302312 11.42331833632544),1,1
spring_images/4/0_55_67.tiff,4,POINT (108.1465713716522 11.42199283781421),1,1
spring_images/4/0_55_68.tiff,4,POINT (108.1506124377933 11.42087031944167),1,1
spring_images/4/0_55_69.tiff,4,POINT (108.1551391689272 11.4197942725379),1,1
spring_images/4/0_55_71.tiff,4,POINT (108.170631656144 11.42378297223947),1,1
spring_images/4/0_55_72.tiff,4,POINT (108.1735438845467 11.42340400376826),1,1
spring_images/4/0_55_73.tiff,4,POINT (108.1798301179413 11.41870414630284),1,1
spring_images/4/0_56_44.tiff,4,POINT (108.0120199302312 11.4174432195362),1,1
spring_images/4/0_56_68.tiff,4,POINT (108.1476938900247 11.41695754111452),1,1
spring_images/4/0_56_69.tiff,4,POINT (108.1590152896107 11.41805600552194),1,1
spring_images/4/0_56_72.tiff,4,POINT (108.1748267626867 11.41692546916102),1,1
spring_images/4/0_56_73.tiff,4,POINT (108.1787774830346 11.41366049796086),1,1
spring_images/4/0_57_44.tiff,4,POINT (108.0120199302312 11.41276015542884),1,1
spring_images/4/0_57_69.tiff,4,POINT (108.1575399797496 11.41163359683333),1,1
spring_images/4/0_57_70.tiff,4,POINT (108.1603943836112 11.40877919297172),1,1
spring_images/4/0_57_72.tiff,4,POINT (108.1760313603634 11.41218108232122),1,1
spring_images/4/0_57_73.tiff,4,POINT (108.1771385359389 11.41093755507389),1,1
spring_images/4/0_57_74.tiff,4,POINT (108.1859719434858 11.41269545639698),1,1
spring_images/4/0_57_75.tiff,4,POINT (108.190715502459 11.41009727977757),1,1
spring_images/4/0_57_76.tiff,4,POINT (108.1990921963731 11.40784408926531),1,1
spring_images/4/0_58_68.tiff,4,POINT (108.1487201925368 11.40557199762161),1,1
spring_images/4/0_58_69.tiff,4,POINT (108.1558080942605 11.40364768041154),1,1
spring_images/4/0_58_71.tiff,4,POINT (108.1673860694745 11.40297416938801),1,1
spring_images/4/0_58_72.tiff,4,POINT (108.1732006996557 11.4031614192279),1,1
spring_images/4/0_58_73.tiff,4,POINT (108.1818917552198 11.40609434368954),1,1
spring_images/4/0_58_74.tiff,4,POINT (108.1877615589166 11.40407080371845),1,1
spring_images/4/0_58_75.tiff,4,POINT (108.1913515705941 11.40379050250639),1,1
spring_images/4/0_58_76.tiff,4,POINT (108.1985531555806 11.40635633667826),1,1
spring_images/4/0_59_67.tiff,4,POINT (108.1465392996987 11.40108192413144),1,1
spring_images/4/0_59_71.tiff,4,POINT (108.1673566669999 11.40130158242377),1,1
spring_images/4/0_59_72.tiff,4,POINT (108.1750823527273 11.40072208781838),1,1
spring_images/4/0_59_75.tiff,4,POINT (108.1934911919446 11.39560753660704),1,1
spring_images/4/0_60_71.tiff,4,POINT (108.169294224257 11.39562798935782),1,1
spring_images/4/0_60_72.tiff,4,POINT (108.1738551876806 11.3939522273107),1,1
spring_images/4/0_60_73.tiff,4,POINT (108.1765154087985 11.39356362504591),1,1
spring_images/4/0_60_74.tiff,4,POINT (108.187738514909 11.39297458582348),1,1
spring_images/4/0_60_75.tiff,4,POINT (108.1894674541082 11.39293095328849),1,1
spring_images/4/3_0_121.tiff,4,POINT (108.4999796174613 14.44677623396824),1,1
spring_images/4/3_0_135.tiff,4,POINT (108.5867682577019 14.44441900268084),1,1
spring_images/4/3_1_166.tiff,4,POINT (108.7668780008737 14.43534424282325),1,1
spring_images/4/3_3_79.tiff,4,POINT (108.2558543343621 14.42935311073897),1,1
spring_images/4/3_4_124.tiff,4,POINT (108.517722717989 14.4207654059695),1,1
spring_images/4/3_10_96.tiff,4,POINT (108.355011111852 14.3860342893351),1,1
spring_images/4/3_17_144.tiff,4,POINT (108.6351851206563 14.3435210848976),1,1
spring_images/4/3_21_99.tiff,4,POINT (108.370588557759 14.32707062220702),1,1
spring_images/4/3_31_148.tiff,4,POINT (108.6590448299557 14.26322136243412),1,1
spring_images/4/3_32_102.tiff,4,POINT (108.3876610353873 14.25990273196647),1,1
spring_images/4/3_33_90.tiff,4,POINT (108.3168572920626 14.25841400404508),1,1
spring_images/4/3_39_150.tiff,4,POINT (108.6728079254402 14.21643090197835),1,1
spring_images/4/3_49_104.tiff,4,POINT (108.3952381353623 14.16176752126229),1,1
spring_images/4/3_68_138.tiff,4,POINT (108.5990421089701 14.04673390020483),1,1
spring_images/4/3_68_139.tiff,4,POINT (108.601420232205 14.04690031261087),1,1
spring_images/4/3_69_138.tiff,4,POINT (108.5952022551415 14.04407917256527),1,1
spring_images/4/3_69_139.tiff,4,POINT (108.6021983226441 14.04551054413882),1,1
spring_images/9/2_54_71.tiff,9,POINT (108.1871828123792 13.2308242638562),1,1
spring_images/9/2_55_71.tiff,9,POINT (108.1908036202939 13.22968169780311),1,1
spring_images/9/2_55_72.tiff,9,POINT (108.1929673273266 13.22711714173259),1,1
spring_images/4/2_79_139.tiff,4,POINT (108.5888147947687 13.08159081657174),1,1
spring_images/10/2_85_119.tiff,10,POINT (108.4708567188464 13.04752032467408),1,1
spring_images/4/2_91_118.tiff,4,POINT (108.4614124233952 13.01565058511713),1,1
spring_images/4/2_95_120.tiff,4,POINT (108.47341277355 12.99138377855852),1,1
spring_images/4/2_98_120.tiff,4,POINT (108.4751796882802 12.97582885423819),1,1
spring_images/4/2_100_31.tiff,4,POINT (107.9534138050016 12.96743348177216),1,1
spring_images/4/2_100_32.tiff,4,POINT (107.9573134205526 12.96882804627383),1,1
spring_images/4/2_101_32.tiff,4,POINT (107.9585788587115 12.96528998448257),1,1
spring_images/4/2_101_33.tiff,4,POINT (107.9609031328809 12.96640047103019),1,1
spring_images/24/2_102_15.tiff,24,POINT (107.8549252564278 12.96091153522994),1,1
spring_images/4/2_102_32.tiff,4,POINT (107.9556606033654 12.96007328023561),1,1
spring_images/4/2_103_32.tiff,4,POINT (107.9551440979944 12.9549340517943),1,1
spring_images/10/2_122_77.tiff,10,POINT (108.2225842939376 12.83784020481297),1,1
spring_images/10/2_122_122.tiff,10,POINT (108.482477965446 12.83578898689749),1,1
spring_images/10/2_128_9.tiff,10,POINT (107.8177700571765 12.80817007998359),1,1
spring_images/10/2_129_9.tiff,10,POINT (107.819918584149 12.80521119818481),1,1
spring_images/10/2_129_10.tiff,10,POINT (107.8234580649996 12.80205671349691),1,1
spring_images/4/2_0_157.tiff,4,POINT (108.7033182365875 13.53640801787115),1,1
spring_images/4/2_3_158.tiff,4,POINT (108.7044605983931 13.51962078849159),1,1
spring_images/9/3_87_146.tiff,9,POINT (108.6454169711869 13.93930246208178),1,1
spring_images/4/3_110_157.tiff,4,POINT (108.7031354575777 13.80775203719859),1,1
spring_images/4/3_110_159.tiff,4,POINT (108.7182472051347 13.80570990915034),1,1
spring_images/4/3_112_157.tiff,4,POINT (108.7061694763922 13.79140042618374),1,1
spring_images/4/3_113_151.tiff,4,POINT (108.671206513153 13.78602482036482),1,1
spring_images/4/3_114_162.tiff,4,POINT (108.7330672201134 13.78387372566308),1,1
spring_images/24/3_116_104.tiff,24,POINT (108.3895721520445 13.77649212262753),1,1
spring_images/4/3_121_164.tiff,4,POINT (108.7456367494997 13.74340473128193),1,1
spring_images/4/3_125_167.tiff,4,POINT (108.7637588940015 13.72010483120818),1,1
spring_images/4/3_127_167.tiff,4,POINT (108.7631392158081 13.70877160558129),1,1
spring_images/4/3_143_152.tiff,4,POINT (108.6723606145088 13.61612808956549),1,1
spring_images/4/3_145_154.tiff,4,POINT (108.6878124750995 13.60606495112004),1,1
spring_images/4/3_147_155.tiff,4,POINT (108.6879589285729 13.59367132594015),1,1
spring_images/4/3_152_129.tiff,4,POINT (108.5356450784086 13.56771076378516),1,1
spring_images/4/3_152_155.tiff,4,POINT (108.6887644226761 13.56463692485402),1,1
spring_images/4/3_153_157.tiff,4,POINT (108.7029521029042 13.55634399692714),1,1
spring_images/4/3_157_157.tiff,4,POINT (108.7033182365875 13.53640801787115),1,1
spring_images/4/3_159_158.tiff,4,POINT (108.7044605983931 13.51962078849159),1,1
spring_images/10/1_117_0.tiff,10,POINT (107.7599806842101 11.97196228841197),1,1
spring_images/10/4_117_157.tiff,10,POINT (107.7599806842101 11.97196228841197),1,1
spring_images/4/4_129_135.tiff,4,POINT (107.630722997095 11.90236276714344),1,1
spring_images/4/4_130_131.tiff,4,POINT (107.6106118312506 11.89759410967122),1,1
spring_images/4/4_130_135.tiff,4,POINT (107.6330832328735 11.89438533574777),1,1
spring_images/4/4_130_138.tiff,4,POINT (107.6503989459726 11.89751260097377),1,1
spring_images/4/4_131_132.tiff,4,POINT (107.6159821872153 11.88880338598279),1,1
spring_images/4/4_131_137.tiff,4,POINT (107.6460154613415 11.89308357364519),1,1
spring_images/4/4_132_133.tiff,4,POINT (107.6198796458332 11.88784236821179),1,1
spring_images/4/4_132_137.tiff,4,POINT (107.6409070887757 11.88270742907247),1,1
spring_images/4/4_144_149.tiff,4,POINT (107.7117108061721 11.81596958061561),1,1
spring_images/4/4_146_154.tiff,4,POINT (107.7398355547892 11.8024379750949),1,1
spring_images/4/4_147_149.tiff,4,POINT (107.7102354827564 11.79892610214186),1,1
spring_images/4/4_149_151.tiff,4,POINT (107.7247846707047 11.78387521805742),1,1
spring_images/4/4_150_149.tiff,4,POINT (107.7121332461446 11.77772513062263),1,1
spring_images/4/4_157_133.tiff,4,POINT (107.6175509229467 11.73819144919174),1,1
spring_images/4/4_158_132.tiff,4,POINT (107.6129679000331 11.73607241709188),1,1
spring_images/4/4_158_133.tiff,4,POINT (107.6193824894517 11.73488148819854),1,1
spring_images/4/4_161_89.tiff,4,POINT (107.3589894689543 11.72106153706267),1,1
spring_images/4/4_162_89.tiff,4,POINT (107.3586464600316 11.71254634055674),1,1
spring_images/4/4_163_86.tiff,4,POINT (107.3424650141034 11.70950642397934),1,1
spring_images/4/4_164_85.tiff,4,POINT (107.3351632116615 11.70219604631438),1,1
spring_images/4/4_164_87.tiff,4,POINT (107.3509673477748 11.70521881244564),1,1
spring_images/4/4_165_108.tiff,4,POINT (107.4699947831323 11.69583199932056),1,1
spring_images/4/4_165_111.tiff,4,POINT (107.4865801382538 11.69553096054353),1,1
spring_images/4/4_165_113.tiff,4,POINT (107.4984617624844 11.69737482305279),1,1
spring_images/4/4_166_106.tiff,4,POINT (107.4573135246503 11.69010285509537),1,1
spring_images/4/4_166_111.tiff,4,POINT (107.4906065318965 11.68740291356396),1,1
spring_images/4/4_167_105.tiff,4,POINT (107.4507659312501 11.68513571527452),1,1
spring_images/4/4_167_107.tiff,4,POINT (107.4655544611713 11.68490993619175),1,1
spring_images/4/4_168_105.tiff,4,POINT (107.4538892085617 11.67854108456539),1,1
spring_images/10/4_168_107.tiff,10,POINT (107.4631458562448 11.67660101341542),1,1
spring_images/4/4_168_111.tiff,4,POINT (107.4912368318359 11.67862575172143),1,1
spring_images/10/4_169_106.tiff,10,POINT (107.4595958826251 11.67030925941705),1,1
spring_images/4/4_170_105.tiff,4,POINT (107.4506154118616 11.66981096003177),1,1
spring_images/4/4_170_111.tiff,4,POINT (107.4911992019888 11.66815524675816),1,1
spring_images/4/4_170_140.tiff,4,POINT (107.6570845781573 11.66405306383888),1,1
spring_images/9/1_41_56.tiff,9,POINT (108.0914531925441 12.40738953355611),1,1
spring_images/4/1_51_94.tiff,4,POINT (108.3151146679076 12.34896807974559),1,1
spring_images/4/1_71_72.tiff,4,POINT (108.1859015496287 12.23117390787194),1,1
spring_images/4/1_71_73.tiff,4,POINT (108.1887780343719 12.23123425370571),1,1
spring_images/4/1_71_74.tiff,4,POINT (108.1963078748258 12.22979347712465),1,1
spring_images/4/1_71_76.tiff,4,POINT (108.2054913159174 12.22983121307048),1,1
spring_images/4/1_72_73.tiff,4,POINT (108.1862334517144 12.22841811479628),1,1
spring_images/10/1_81_80.tiff,10,POINT (108.2313589749109 12.17666865490961),1,1
spring_images/10/1_81_81.tiff,10,POINT (108.2381802549756 12.17470455092212),1,1
spring_images/10/1_82_82.tiff,10,POINT (108.2387376358369 12.16602865239628),1,1
spring_images/10/1_83_82.tiff,10,POINT (108.2393879135085 12.16253506878338),1,1
spring_images/10/1_83_83.tiff,10,POINT (108.24441429449 12.16305263672604),1,1
spring_images/4/1_85_73.tiff,4,POINT (108.1864735056029 12.15030461723635),1,1
spring_images/4/1_131_49.tiff,4,POINT (108.0417170323216 11.88792297123259),1,1
spring_images/10/1_86_84.tiff,10,POINT (108.254835164164 12.14734844602354),1,1
spring_images/4/1_102_74.tiff,4,POINT (108.1948061062595 12.05417487811192),1,1
spring_images/4/1_102_75.tiff,4,POINT (108.1964482276924 12.05185850814359),1,1
spring_images/4/1_103_74.tiff,4,POINT (108.1930117351573 12.04940891971464),1,1
spring_images/4/1_103_80.tiff,4,POINT (108.2265583333067 12.04656070358303),1,1
spring_images/4/1_103_81.tiff,4,POINT (108.2340413649842 12.04866741295168),1,1
spring_images/4/1_104_73.tiff,4,POINT (108.1885962029438 12.04244057695893),1,1
spring_images/4/1_104_81.tiff,4,POINT (108.2342436090836 12.03885014729377),1,1
spring_images/4/1_104_82.tiff,4,POINT (108.241486475893 12.04114224708686),1,1
spring_images/4/1_105_80.tiff,4,POINT (108.2270639435552 12.0338277521589),1,1
spring_images/4/1_106_81.tiff,4,POINT (108.2332113214929 12.02981657752099),1,1
